entry	name	size	thunk	external	calling_convention	signature
00401000	FUN_00401000	11	false	false	__stdcall	undefined FUN_00401000(void)
00401010	FUN_00401010	10	false	false	__stdcall	undefined FUN_00401010(void)
00401020	FUN_00401020	22	false	false	__stdcall	undefined FUN_00401020(void)
00401040	FUN_00401040	12	false	false	__stdcall	undefined FUN_00401040(void)
00401050	FUN_00401050	11	false	false	__stdcall	undefined FUN_00401050(void)
00401060	FUN_00401060	10	false	false	__stdcall	undefined FUN_00401060(void)
00401070	FUN_00401070	22	false	false	__stdcall	undefined FUN_00401070(void)
00401090	FUN_00401090	22	false	false	__stdcall	undefined FUN_00401090(void)
004010b0	FUN_004010b0	22	false	false	__stdcall	undefined FUN_004010b0(void)
004010d0	FUN_004010d0	22	false	false	__stdcall	undefined FUN_004010d0(void)
004010f0	FUN_004010f0	12	false	false	__stdcall	undefined FUN_004010f0(void)
00401100	FUN_00401100	335	false	false	__stdcall	bool FUN_00401100(HWND param_1, LPCWSTR param_2, LPWSTR param_3, int param_4, char param_5)
0040124f	FUN_0040124f	127	false	false	__stdcall	bool FUN_0040124f(HWND param_1, LPCWSTR param_2, LPWSTR param_3)
004012d0	guard_check_icall	3	false	false	__cdecl	undefined guard_check_icall(void)
004012d3	FUN_004012d3	30	false	false	__stdcall	undefined FUN_004012d3(HWND param_1, int param_2, byte param_3)
004012f1	FUN_004012f1	37	false	false	__stdcall	undefined FUN_004012f1(HWND param_1, int param_2, char param_3)
00401316	FUN_00401316	117	false	false	__stdcall	uint FUN_00401316(HWND param_1, int param_2, undefined4 param_3, undefined4 param_4, undefined4 param_5, undefined4 param_6, byte param_7)
0040138b	FUN_0040138b	47	false	false	__stdcall	undefined FUN_0040138b(undefined4 param_1, undefined4 param_2)
004013ba	FUN_004013ba	34	false	false	__thiscall	undefined4 * FUN_004013ba(void * this, int param_1)
004013dc	FUN_004013dc	414	false	false	__stdcall	undefined4 * FUN_004013dc(void)
0040157a	FUN_0040157a	76	false	false	__fastcall	int FUN_0040157a(int param_1)
004015c6	FUN_004015c6	53	false	false	__thiscall	undefined4 * FUN_004015c6(void * this, undefined4 param_1)
004015fb	FUN_004015fb	69	false	false	__fastcall	undefined FUN_004015fb(int * param_1)
00401645	FUN_00401645	72	false	false	__fastcall	undefined FUN_00401645(int * param_1)
00401692	FUN_00401692	102	false	false	__fastcall	undefined FUN_00401692(int * param_1)
004016f8	FUN_004016f8	11	false	false	__fastcall	undefined FUN_004016f8(int param_1)
00401710	FUN_00401710	34	false	false	__thiscall	int * FUN_00401710(void * this, byte param_1)
00401732	FUN_00401732	183	false	false	__thiscall	undefined FUN_00401732(void * this, int param_1)
004017e9	FUN_004017e9	192	false	false	__thiscall	undefined FUN_004017e9(void * this, int param_1)
004018a9	FUN_004018a9	26	false	false	__thiscall	undefined FUN_004018a9(void * this, uint param_1)
004018c3	FUN_004018c3	51	false	false	__fastcall	undefined FUN_004018c3(int param_1)
004018f6	FUN_004018f6	141	false	false	__fastcall	bool FUN_004018f6(int * param_1)
00401983	FUN_00401983	44	false	false	__thiscall	int FUN_00401983(void * this, int param_1)
004019af	FUN_004019af	85	false	false	__fastcall	bool FUN_004019af(int * param_1)
00401a04	FUN_00401a04	1003	false	false	__stdcall	undefined4 FUN_00401a04(void)
00401df0	FUN_00401df0	8	false	false	__fastcall	bool FUN_00401df0(int param_1)
00401df8	FUN_00401df8	88	false	false	__stdcall	undefined4 FUN_00401df8(char * param_1, uint param_2)
00401e50	FUN_00401e50	247	false	false	__stdcall	undefined4 FUN_00401e50(void)
00401f47	FUN_00401f47	38	false	false	__fastcall	undefined FUN_00401f47(int * param_1)
00401f6d	FUN_00401f6d	111	false	false	__stdcall	undefined FUN_00401f6d(void)
00401fdc	FUN_00401fdc	69	false	false	__thiscall	bool FUN_00401fdc(void * this, undefined4 param_1)
00402021	FUN_00402021	66	false	false	__stdcall	undefined FUN_00402021(undefined4 param_1, undefined4 param_2, undefined4 param_3)
00402063	FUN_00402063	85	false	false	__stdcall	undefined FUN_00402063(undefined4 param_1, undefined4 param_2, undefined4 param_3, undefined4 param_4)
004020b8	thunk_FUN_004015fb	5	true	false	__fastcall	undefined thunk_FUN_004015fb(int * param_1)
004020bd	FUN_004020bd	26	false	false	__thiscall	undefined FUN_004020bd(void * this, uint param_1)
004020d7	FUN_004020d7	35	false	false	__fastcall	undefined FUN_004020d7(int param_1)
004020fa	FUN_004020fa	24	false	false	__thiscall	undefined4 FUN_004020fa(void * this, wchar_t * param_1)
00402112	FUN_00402112	34	false	false	__fastcall	undefined FUN_00402112(int param_1)
00402134	FUN_00402134	155	false	false	__thiscall	undefined FUN_00402134(void * this, int param_1)
004021cf	FUN_004021cf	58	false	false	__fastcall	ulonglong FUN_004021cf(void * param_1)
00402209	FUN_00402209	7	false	false	__fastcall	undefined1 FUN_00402209(int param_1)
00402210	FUN_00402210	1627	false	false	__thiscall	undefined FUN_00402210(void * this, int * param_1, uint param_2, int param_3)
0040286b	FUN_0040286b	2700	false	false	__stdcall	int FUN_0040286b(void)
004032f7	FUN_004032f7	2102	false	false	__stdcall	undefined4 FUN_004032f7(void)
00403b2d	FUN_00403b2d	141	false	false	__fastcall	int FUN_00403b2d(int * param_1)
00403bba	FUN_00403bba	691	false	false	__stdcall	undefined1 FUN_00403bba(void)
00403e6d	FUN_00403e6d	113	false	false	__fastcall	undefined FUN_00403e6d(int * param_1)
00403ede	RemoveAll	29	false	false	__fastcall	undefined RemoveAll(int * param_1)
00403efb	FUN_00403efb	79	false	false	__stdcall	undefined8 FUN_00403efb(uint param_1, int param_2, uint param_3, int param_4, int param_5, int param_6)
00403f4a	FUN_00403f4a	89	false	false	__thiscall	int FUN_00403f4a(void * this, int param_1)
00403fa3	FUN_00403fa3	89	false	false	__thiscall	int FUN_00403fa3(void * this, wchar_t * param_1)
00403ffc	FUN_00403ffc	65	false	false	__fastcall	undefined FUN_00403ffc(int * param_1)
0040403d	FUN_0040403d	34	false	false	__thiscall	undefined FUN_0040403d(void * this, undefined4 param_1, undefined4 param_2)
0040405f	FUN_0040405f	6	false	false	__stdcall	undefined * FUN_0040405f(void)
00404065	FID_conflict:__vsnprintf_c_l	45	false	false	__cdecl	int FID_conflict:__vsnprintf_c_l(wchar_t * _DstBuf, size_t _MaxCount, wchar_t * _Format, _locale_t _Locale, va_list _ArgList)
00404092	FUN_00404092	28	false	false	__cdecl	undefined FUN_00404092(wchar_t * param_1, size_t param_2, wchar_t * param_3)
004040b0	FUN_004040b0	12	false	false	__stdcall	undefined FUN_004040b0(int * param_1)
004040bc	FUN_004040bc	66	false	false	__fastcall	undefined FUN_004040bc(int * param_1)
004040fe	FUN_004040fe	1050	false	false	__stdcall	undefined FUN_004040fe(int param_1, int * param_2)
00404518	FUN_00404518	4367	false	false	__stdcall	undefined4 FUN_00404518(int param_1, int * param_2)
00405627	FUN_00405627	198	false	false	__stdcall	undefined FUN_00405627(int param_1, int param_2)
004056ed	FUN_004056ed	124	false	false	__stdcall	undefined FUN_004056ed(void * param_1, uint param_2, uint param_3)
00405769	FUN_00405769	184	false	false	__stdcall	undefined FUN_00405769(int param_1, uint * param_2, uint param_3)
00405821	FUN_00405821	144	false	false	__stdcall	undefined FUN_00405821(int param_1, int param_2)
004058b1	FUN_004058b1	97	false	false	__stdcall	undefined FUN_004058b1(void * param_1)
00405912	FUN_00405912	392	false	false	__stdcall	undefined FUN_00405912(int param_1, uint * param_2, uint param_3)
00405a9a	FUN_00405a9a	35	false	false	__fastcall	undefined FUN_00405a9a(void * param_1)
00405abd	FUN_00405abd	123	false	false	__stdcall	void * FUN_00405abd(void)
00405b38	thunk_FUN_00401645	5	true	false	__fastcall	undefined thunk_FUN_00401645(int * param_1)
00405b3d	FUN_00405b3d	11	false	false	__thiscall	undefined FUN_00405b3d(void * this, wchar_t * param_1)
00405b48	FUN_00405b48	259	false	false	__stdcall	undefined4 FUN_00405b48(void * param_1, char param_2, ushort * param_3, undefined4 param_4, uint param_5)
00405c4b	FUN_00405c4b	86	false	false	__thiscall	undefined4 FUN_00405c4b(void * this, ushort * param_1, char param_2, undefined4 param_3, char param_4)
00405ca1	FUN_00405ca1	11	false	false	__thiscall	undefined FUN_00405ca1(void * this, short * param_1, int param_2)
00405cac	FUN_00405cac	110	false	false	__fastcall	undefined FUN_00405cac(void * param_1)
00405d1a	FUN_00405d1a	180	false	false	__thiscall	int FUN_00405d1a(void * this, int param_1, char * param_2, uint param_3, undefined4 param_4, short * param_5, int param_6)
00405dce	FUN_00405dce	49	false	false	__stdcall	uint FUN_00405dce(uint param_1, byte * param_2, int param_3)
00405dff	FUN_00405dff	56	false	false	__stdcall	undefined FUN_00405dff(int param_1)
00405e37	FUN_00405e37	171	false	false	__stdcall	void * FUN_00405e37(void)
00405ef0	FUN_00405ef0	18	false	false	__fastcall	void * FUN_00405ef0(void * param_1)
00405f02	FUN_00405f02	106	false	false	__fastcall	undefined FUN_00405f02(undefined1 * param_1)
00405f80	FUN_00405f80	5	false	false	__fastcall	undefined FUN_00405f80(undefined1 * param_1)
00405f85	FUN_00405f85	139	false	false	__stdcall	undefined FUN_00405f85(int * param_1, ulong * param_2)
00406010	FUN_00406010	42	false	false	__thiscall	undefined FUN_00406010(void * this, undefined1[16] * param_1, uint param_2)
0040603a	FUN_0040603a	232	false	false	__thiscall	undefined4 FUN_0040603a(void * this, char param_1, int param_2, undefined4 * param_3, uint * param_4, int param_5, uint param_6, uint * param_7, void * param_8)
00406122	FUN_00406122	704	false	false	__thiscall	undefined FUN_00406122(void * this, char param_1, undefined4 * param_2, wchar_t * param_3, uint * param_4)
004063e2	FUN_004063e2	599	false	false	__thiscall	undefined FUN_004063e2(void * this, char param_1, undefined4 * param_2, ushort * param_3, uint * param_4, int param_5, uint param_6, uint * param_7, void * param_8)
00406639	FUN_00406639	523	false	false	__stdcall	undefined FUN_00406639(ulong * param_1, uint param_2, uint * param_3, uint param_4, ulong * param_5, uint * param_6, char * param_7, uint * param_8, char * param_9)
00406844	FUN_00406844	306	false	false	__stdcall	undefined FUN_00406844(ulong * param_1, uint param_2, uint * param_3, uint param_4, int param_5, undefined4 param_6, undefined4 param_7, int param_8)
00406976	FUN_00406976	16	false	false	__fastcall	undefined1 * FUN_00406976(undefined1 * param_1)
00406986	FUN_00406986	510	false	false	__thiscall	undefined FUN_00406986(void * this, int param_1, uint param_2, byte * param_3, uint param_4, int param_5, uint param_6)
00406b84	FUN_00406b84	21	false	false	__fastcall	undefined4 * FUN_00406b84(undefined4 * param_1)
00406b99	FUN_00406b99	17	false	false	__thiscall	undefined FUN_00406b99(void * this, undefined4 param_1, undefined1 * param_2)
00406baa	FUN_00406baa	43	false	false	__fastcall	bool FUN_00406baa(int param_1)
00406bd5	FUN_00406bd5	40	false	false	__thiscall	undefined FUN_00406bd5(void * this, undefined4 param_1)
00406bfd	FUN_00406bfd	38	false	false	__thiscall	undefined FUN_00406bfd(void * this, undefined4 param_1, undefined4 param_2)
00406c23	FUN_00406c23	14	false	false	__thiscall	undefined FUN_00406c23(void * this, undefined4 param_1)
00406c31	thunk_FUN_00406e47	5	true	false	__thiscall	undefined thunk_FUN_00406e47(void * this, void * param_1)
00406c36	FUN_00406c36	62	false	false	__cdecl	undefined FUN_00406c36(undefined4 param_1, wchar_t * param_2)
00406c74	FUN_00406c74	51	false	false	__stdcall	bool FUN_00406c74(LPWSTR param_1, DWORD param_2)
00406ca7	FUN_00406ca7	19	false	false	__fastcall	undefined FUN_00406ca7(void * param_1)
00406cba	FUN_00406cba	39	false	false	__fastcall	undefined FUN_00406cba(void * param_1)
00406ce1	FUN_00406ce1	43	false	false	__thiscall	undefined FUN_00406ce1(void * this, undefined4 param_1, undefined4 param_2)
00406d0c	FUN_00406d0c	14	false	false	__thiscall	undefined FUN_00406d0c(void * this, undefined4 param_1)
00406d1a	FUN_00406d1a	27	false	false	__thiscall	undefined FUN_00406d1a(void * this, undefined4 param_1)
00406d35	FUN_00406d35	38	false	false	__thiscall	undefined FUN_00406d35(void * this, undefined4 param_1, undefined4 param_2)
00406d5b	FUN_00406d5b	40	false	false	__thiscall	undefined FUN_00406d5b(void * this, undefined4 param_1)
00406d83	FUN_00406d83	72	false	false	__thiscall	undefined FUN_00406d83(void * this, int param_1)
00406dcb	FUN_00406dcb	124	false	false	__stdcall	undefined FUN_00406dcb(void)
00406e47	FUN_00406e47	51	false	false	__thiscall	undefined FUN_00406e47(void * this, void * param_1)
00406e7a	FUN_00406e7a	30	false	false	__stdcall	undefined FUN_00406e7a(undefined4 param_1, undefined4 param_2)
00406e98	FUN_00406e98	29	false	false	__thiscall	undefined FUN_00406e98(void * this, undefined4 param_1, undefined4 param_2)
00406eb5	FUN_00406eb5	38	false	false	__thiscall	undefined FUN_00406eb5(void * this, undefined4 param_1, undefined4 param_2)
00406edb	FUN_00406edb	41	false	false	__fastcall	int FUN_00406edb(int param_1)
00406f04	FUN_00406f04	161	false	false	__stdcall	int FUN_00406f04(ushort * param_1)
00406fa5	FUN_00406fa5	1116	false	false	__stdcall	undefined1 FUN_00406fa5(void)
00407401	FUN_00407401	321	false	false	__stdcall	undefined FUN_00407401(void)
00407542	FUN_00407542	156	false	false	__stdcall	bool FUN_00407542(undefined4 param_1, wchar_t * param_2, LPCWSTR param_3, int param_4)
004075de	FUN_004075de	474	false	false	__stdcall	undefined FUN_004075de(void)
004077b8	FUN_004077b8	39	false	false	__stdcall	undefined1 FUN_004077b8(undefined4 param_1, undefined4 param_2, int param_3)
004077df	FUN_004077df	130	false	false	__stdcall	undefined FUN_004077df(int param_1, ushort * param_2, int param_3)
00407861	FUN_00407861	262	false	false	__stdcall	undefined4 FUN_00407861(int param_1, ushort * param_2, wchar_t * param_3, ushort * param_4)
00407967	FUN_00407967	166	false	false	__stdcall	undefined4 FUN_00407967(wchar_t * param_1)
00407a0d	FUN_00407a0d	107	false	false	__stdcall	undefined FUN_00407a0d(int param_1, int param_2)
00407a78	FUN_00407a78	3	false	false	__stdcall	undefined FUN_00407a78(void)
00407a7b	FUN_00407a7b	33	false	false	__thiscall	undefined FUN_00407a7b(void * this, int param_1)
00407a9c	FUN_00407a9c	113	false	false	__stdcall	undefined4 FUN_00407a9c(LPCWSTR param_1)
00407b0d	FUN_00407b0d	145	false	false	__stdcall	undefined4 * FUN_00407b0d(void)
00407b9e	FUN_00407b9e	44	false	false	__fastcall	undefined FUN_00407b9e(int param_1)
00407bca	FUN_00407bca	29	false	false	__thiscall	uint FUN_00407bca(void * this, uint * param_1)
00407be7	FUN_00407be7	38	false	false	__thiscall	undefined4 FUN_00407be7(void * this, uint * param_1)
00407c0d	FUN_00407c0d	87	false	false	__stdcall	uint FUN_00407c0d(int param_1, undefined4 param_2)
00407c64	FUN_00407c64	25	false	false	__stdcall	int FUN_00407c64(void)
00407c7d	FUN_00407c7d	309	false	false	__fastcall	undefined FUN_00407c7d(int param_1)
00407db2	FUN_00407db2	526	false	false	__thiscall	undefined FUN_00407db2(void * this, int param_1)
00407fc0	FUN_00407fc0	343	false	false	__thiscall	undefined1 FUN_00407fc0(void * this, int param_1, void * param_2)
00408117	FUN_00408117	80	false	false	__thiscall	undefined4 FUN_00408117(void * this, undefined4 param_1, wchar_t * param_2)
00408167	FUN_00408167	285	false	false	__thiscall	undefined FUN_00408167(void * this, undefined4 param_1, wchar_t * param_2, wchar_t * param_3, uint param_4)
00408284	FUN_00408284	428	false	false	__stdcall	undefined4 FUN_00408284(void)
00408430	FUN_00408430	94	false	false	__thiscall	undefined FUN_00408430(void * this, int * param_1)
0040848e	FUN_0040848e	3271	false	false	__stdcall	undefined1 FUN_0040848e(void)
00409155	FUN_00409155	192	false	false	__stdcall	undefined1 FUN_00409155(void)
00409215	FUN_00409215	142	false	false	__stdcall	undefined FUN_00409215(void)
004092a3	FUN_004092a3	223	false	false	__stdcall	bool FUN_004092a3(int param_1, void * param_2, LPCWSTR param_3, int param_4, undefined1 * param_5, undefined4 param_6, undefined4 param_7, undefined4 param_8, byte param_9)
00409382	FUN_00409382	468	false	false	__stdcall	undefined4 FUN_00409382(void)
00409556	FUN_00409556	68	false	false	__fastcall	undefined4 * FUN_00409556(undefined4 * param_1)
0040959a	FUN_0040959a	72	false	false	__fastcall	undefined FUN_0040959a(int * param_1)
004095f0	FUN_004095f0	34	false	false	__thiscall	int * FUN_004095f0(void * this, byte param_1)
00409620	FUN_00409620	78	false	false	__fastcall	char FUN_00409620(int param_1)
0040966e	FUN_0040966e	224	false	false	__thiscall	bool FUN_0040966e(void * this, wchar_t * param_1, uint param_2)
0040974e	FUN_0040974e	55	false	false	__fastcall	bool FUN_0040974e(int * param_1)
00409785	FUN_00409785	149	false	false	__thiscall	int FUN_00409785(void * this, LPVOID param_1, uint param_2)
0040981a	FUN_0040981a	120	false	false	__fastcall	undefined8 FUN_0040981a(int * param_1)
00409892	FUN_00409892	42	false	false	__fastcall	uint FUN_00409892(int * param_1)
004098bc	FUN_004098bc	31	false	false	__fastcall	undefined4 FUN_004098bc(int param_1)
004098e0	FUN_004098e0	348	false	false	__thiscall	bool FUN_004098e0(void * this, LPCWSTR param_1, uint param_2)
00409a3c	FUN_00409a3c	56	false	false	__thiscall	undefined FUN_00409a3c(void * this, uint param_1, int param_2)
00409a74	FUN_00409a74	336	false	false	__thiscall	char FUN_00409a74(void * this, uint param_1, int param_2, DWORD param_3)
00409bd0	FUN_00409bd0	407	false	false	__thiscall	uint FUN_00409bd0(void * this, LPVOID param_1, uint param_2)
00409d70	FUN_00409d70	47	false	false	__thiscall	undefined FUN_00409d70(void * this, uint param_1, int param_2, DWORD param_3)
00409d9f	FUN_00409d9f	3	false	false	__stdcall	undefined FUN_00409d9f(void)
00409da2	FUN_00409da2	221	false	false	__thiscall	undefined FUN_00409da2(void * this, int * param_1, int * param_2, int * param_3)
00409e80	FUN_00409e80	137	false	false	__fastcall	undefined8 FUN_00409e80(int param_1)
00409f09	FUN_00409f09	17	false	false	__fastcall	undefined4 FUN_00409f09(int param_1)
00409f1a	FUN_00409f1a	40	false	false	__thiscall	bool FUN_00409f1a(void * this, wchar_t * param_1, uint param_2)
00409f42	FUN_00409f42	56	false	false	__thiscall	bool FUN_00409f42(void * this, undefined4 param_1)
00409f7a	FUN_00409f7a	311	false	false	__thiscall	char FUN_00409f7a(void * this, LPCVOID param_1, int * param_2)
0040a0b1	FUN_0040a0b1	222	false	false	__stdcall	uint FUN_0040a0b1(wchar_t * param_1, char param_2)
0040a18f	FUN_0040a18f	81	false	false	__stdcall	bool FUN_0040a18f(LPCWSTR param_1)
0040a1e0	FUN_0040a1e0	81	false	false	__stdcall	bool FUN_0040a1e0(LPCWSTR param_1)
0040a231	FUN_0040a231	18	false	false	__stdcall	bool FUN_0040a231(LPCWSTR param_1)
0040a243	FUN_0040a243	76	false	false	__stdcall	DWORD FUN_0040a243(LPCWSTR param_1)
0040a28f	FUN_0040a28f	23	false	false	__stdcall	undefined1 FUN_0040a28f(uint param_1)
0040a2a6	FUN_0040a2a6	12	false	false	__stdcall	uint FUN_0040a2a6(uint param_1)
0040a2b2	FUN_0040a2b2	148	false	false	__stdcall	char FUN_0040a2b2(wchar_t * param_1, char param_2, DWORD param_3)
0040a346	FUN_0040a346	14	false	false	__stdcall	undefined FUN_0040a346(LPCWSTR param_1)
0040a354	FUN_0040a354	409	false	false	__stdcall	undefined FUN_0040a354(LPCWSTR param_1, int * param_2, int * param_3, int * param_4)
0040a4ed	FUN_0040a4ed	87	false	false	__stdcall	bool FUN_0040a4ed(LPCWSTR param_1, DWORD param_2)
0040a544	FUN_0040a544	22	false	false	__fastcall	undefined2 * FUN_0040a544(undefined2 * param_1)
0040a55a	FUN_0040a55a	19	false	false	__fastcall	undefined FUN_0040a55a(int param_1)
0040a56d	FUN_0040a56d	100	false	false	__stdcall	undefined4 FUN_0040a56d(wchar_t * param_1, wchar_t * param_2)
0040a5d1	FUN_0040a5d1	173	false	false	__thiscall	undefined4 FUN_0040a5d1(void * this, wchar_t * param_1)
0040a67e	FUN_0040a67e	29	false	false	__thiscall	undefined FUN_0040a67e(void * this, int param_1)
0040a69b	FUN_0040a69b	377	false	false	__stdcall	HANDLE FUN_0040a69b(HANDLE param_1, LPCWSTR param_2, wchar_t * param_3)
0040a814	FUN_0040a814	54	false	false	__thiscall	int FUN_0040a814(void * this, char param_1)
0040a84a	FUN_0040a84a	16	false	false	__fastcall	undefined FUN_0040a84a(int param_1)
0040a85a	FUN_0040a85a	39	false	false	__thiscall	undefined FUN_0040a85a(void * this, undefined4 param_1)
0040a881	FUN_0040a881	23	false	false	__thiscall	undefined FUN_0040a881(void * this, int param_1)
0040a898	thunk_FUN_0040a89d	5	true	false	__fastcall	uint3 thunk_FUN_0040a89d(int * param_1)
0040a89d	FUN_0040a89d	49	false	false	__fastcall	uint3 FUN_0040a89d(int * param_1)
0040a8ce	FUN_0040a8ce	16	false	false	__fastcall	undefined4 * FUN_0040a8ce(undefined4 * param_1)
0040a8e0	FUN_0040a8e0	25	false	false	__thiscall	int FUN_0040a8e0(void * this, int param_1)
0040a8f9	FUN_0040a8f9	120	false	false	__thiscall	int FUN_0040a8f9(void * this, int param_1)
0040a971	FUN_0040a971	45	false	false	__fastcall	int FUN_0040a971(int param_1)
0040a99e	FUN_0040a99e	111	false	false	__fastcall	undefined FUN_0040a99e(int param_1)
0040aa12	FUN_0040aa12	68	false	false	__fastcall	undefined8 FUN_0040aa12(int param_1, undefined4 param_2, int param_3)
0040aa56	FUN_0040aa56	90	false	false	__thiscall	bool FUN_0040aa56(void * this, int * param_1)
0040aab0	FUN_0040aab0	58	false	false	__stdcall	undefined FUN_0040aab0(undefined4 param_1, int param_2, int param_3, int param_4, undefined * param_5)
0040aaea	FUN_0040aaea	48	false	false	__thiscall	undefined FUN_0040aaea(void * this, int * param_1, ulong * param_2)
0040ab1a	FUN_0040ab1a	105	false	false	__thiscall	undefined FUN_0040ab1a(void * this, int param_1, uint param_2)
0040ab83	FUN_0040ab83	51	false	false	__fastcall	ulonglong FUN_0040ab83(int * param_1, undefined4 param_2, int param_3)
0040abb6	FUN_0040abb6	79	false	false	__thiscall	undefined FUN_0040abb6(void * this, int * param_1)
0040ac05	FUN_0040ac05	148	false	false	__stdcall	undefined FUN_0040ac05(void)
0040ac99	FUN_0040ac99	43	false	false	__fastcall	undefined FUN_0040ac99(int param_1)
0040acc4	FUN_0040acc4	154	false	false	__thiscall	ulonglong FUN_0040acc4(void * this, uint param_1)
0040ad5e	FUN_0040ad5e	41	false	false	__fastcall	undefined FUN_0040ad5e(int param_1)
0040ad87	FUN_0040ad87	31	false	false	__thiscall	undefined4 * FUN_0040ad87(void * this, LPCSTR param_1)
0040ada6	FUN_0040ada6	53	false	false	__thiscall	int * FUN_0040ada6(void * this, undefined4 param_1)
0040addb	FUN_0040addb	82	false	false	__stdcall	undefined4 * FUN_0040addb(void)
0040ae2d	FUN_0040ae2d	82	false	false	__stdcall	undefined4 * FUN_0040ae2d(void)
0040ae7f	FUN_0040ae7f	19	false	false	__fastcall	undefined FUN_0040ae7f(undefined4 * param_1)
0040ae92	FUN_0040ae92	100	false	false	__stdcall	undefined1 FUN_0040ae92(void)
0040aef6	FUN_0040aef6	46	false	false	__fastcall	LONG FUN_0040aef6(int * param_1)
0040af24	FUN_0040af24	546	false	false	__stdcall	byte FUN_0040af24(void)
0040b146	FUN_0040b146	110	false	false	__stdcall	int FUN_0040b146(void)
0040b1b4	FUN_0040b1b4	40	false	false	__fastcall	undefined FUN_0040b1b4(int * param_1)
0040b1dc	FUN_0040b1dc	414	false	false	__stdcall	bool FUN_0040b1dc(wchar_t * param_1, wchar_t * param_2, uint param_3)
0040b37a	FUN_0040b37a	337	false	false	__stdcall	bool FUN_0040b37a(wchar_t * param_1, ushort * param_2, undefined4 param_3)
0040b4cb	FUN_0040b4cb	33	false	false	__stdcall	undefined FUN_0040b4cb(wchar_t * param_1, wchar_t * param_2, char param_3)
0040b4ec	FUN_0040b4ec	25	false	false	__stdcall	undefined4 FUN_0040b4ec(undefined4 param_1, char param_2)
0040b505	FUN_0040b505	161	false	false	__stdcall	void * FUN_0040b505(void)
0040b5a6	FUN_0040b5a6	73	false	false	__fastcall	undefined FUN_0040b5a6(int * param_1)
0040b5f4	FUN_0040b5f4	42	false	false	__fastcall	undefined FUN_0040b5f4(void * param_1)
0040b61e	FUN_0040b61e	114	false	false	__fastcall	undefined FUN_0040b61e(void * param_1)
0040b690	FUN_0040b690	52	false	false	__stdcall	undefined FUN_0040b690(wchar_t * param_1, uint param_2)
0040b6c4	FUN_0040b6c4	168	false	false	__stdcall	undefined FUN_0040b6c4(WCHAR * param_1, LPCWSTR param_2, int param_3)
0040b76c	FUN_0040b76c	367	false	false	__stdcall	ushort * FUN_0040b76c(ushort * param_1, short * param_2, int param_3)
0040b8db	FUN_0040b8db	82	false	false	__stdcall	undefined FUN_0040b8db(LPCWSTR param_1, int param_2)
0040b92d	FUN_0040b92d	33	false	false	__stdcall	undefined1[16] * FUN_0040b92d(wchar_t * param_1)
0040b94e	FUN_0040b94e	67	false	false	__stdcall	undefined FUN_0040b94e(wchar_t * param_1, wchar_t * param_2, int param_3)
0040b991	FUN_0040b991	141	false	false	__stdcall	undefined FUN_0040b991(wchar_t * param_1, wchar_t * param_2, uint param_3)
0040ba1e	FUN_0040ba1e	143	false	false	__stdcall	wchar_t * FUN_0040ba1e(wchar_t * param_1)
0040baad	FUN_0040baad	86	false	false	__stdcall	wchar_t * FUN_0040baad(LPCSTR param_1, wchar_t * param_2, wchar_t * param_3, size_t param_4)
0040bb03	FUN_0040bb03	394	false	false	__stdcall	undefined4 FUN_0040bb03(wchar_t * param_1, wchar_t * param_2, uint param_3)
0040bc8d	FUN_0040bc8d	11	false	false	__stdcall	bool FUN_0040bc8d(int param_1)
0040bc98	FUN_0040bc98	43	false	false	__stdcall	int FUN_0040bc98(ushort * param_1)
0040bcc3	FUN_0040bcc3	53	false	false	__stdcall	uint FUN_0040bcc3(ushort * param_1)
0040bcf8	FUN_0040bcf8	34	false	false	__stdcall	undefined1 FUN_0040bcf8(ushort * param_1)
0040bd1a	FUN_0040bd1a	131	false	false	__stdcall	undefined4 FUN_0040bd1a(wchar_t * param_1)
0040bd9d	FUN_0040bd9d	23	false	false	__stdcall	undefined1 FUN_0040bd9d(int param_1)
0040bdb4	FUN_0040bdb4	63	false	false	__stdcall	bool FUN_0040bdb4(wchar_t * param_1)
0040bdf3	FUN_0040bdf3	107	false	false	__stdcall	undefined FUN_0040bdf3(ushort * param_1, int param_2, short * param_3, int param_4)
0040be5e	FUN_0040be5e	506	false	false	__stdcall	undefined FUN_0040be5e(uint * param_1, uint param_2)
0040c058	FUN_0040c058	109	false	false	__stdcall	undefined FUN_0040c058(ushort * param_1, char param_2)
0040c0c5	FUN_0040c0c5	388	false	false	__stdcall	undefined FUN_0040c0c5(wchar_t * param_1, uint param_2, char param_3)
0040c249	FUN_0040c249	53	false	false	__stdcall	undefined4 FUN_0040c249(undefined1[16] * param_1, char param_2)
0040c27e	FUN_0040c27e	28	false	false	__stdcall	wchar_t * FUN_0040c27e(wchar_t * param_1)
0040c29a	FUN_0040c29a	74	false	false	__stdcall	wchar_t * FUN_0040c29a(wchar_t * param_1)
0040c2e4	FUN_0040c2e4	44	false	false	__stdcall	undefined FUN_0040c2e4(wchar_t * param_1)
0040c310	FUN_0040c310	37	false	false	__stdcall	undefined FUN_0040c310(wchar_t * param_1, int param_2, int param_3)
0040c335	FUN_0040c335	57	false	false	__stdcall	undefined FUN_0040c335(int param_1, char * param_2, int param_3)
0040c36e	FUN_0040c36e	66	false	false	__stdcall	undefined FUN_0040c36e(int param_1, short * param_2, int param_3)
0040c3b0	FUN_0040c3b0	6	false	false	__fastcall	undefined4 * FUN_0040c3b0(undefined4 * param_1)
0040c3b6	FUN_0040c3b6	9	false	false	__fastcall	undefined FUN_0040c3b6(undefined4 * param_1)
0040c3bf	FUN_0040c3bf	103	false	false	__thiscall	ulonglong FUN_0040c3bf(void * this, int * param_1)
0040c426	FUN_0040c426	1375	false	false	__thiscall	undefined4 FUN_0040c426(void * this, int param_1)
0040c985	FUN_0040c985	75	false	false	__stdcall	uint FUN_0040c985(int param_1, uint param_2, char param_3)
0040c9d0	FUN_0040c9d0	79	false	false	__stdcall	undefined FUN_0040c9d0(int param_1, int param_2, uint param_3, char param_4)
0040ca1f	FUN_0040ca1f	23	false	false	__fastcall	undefined FUN_0040ca1f(int * param_1)
0040ca36	FUN_0040ca36	93	false	false	__stdcall	undefined FUN_0040ca36(byte * param_1, uint param_2, undefined4 * param_3)
0040ca93	FUN_0040ca93	182	false	false	__stdcall	uint FUN_0040ca93(int * param_1)
0040cb49	FUN_0040cb49	58	false	false	__thiscall	undefined FUN_0040cb49(void * this, uint param_1, uint * param_2, uint param_3)
0040cb83	FUN_0040cb83	44	false	false	__thiscall	undefined4 * FUN_0040cb83(void * this, undefined4 param_1)
0040cbaf	FUN_0040cbaf	23	false	false	__fastcall	uint FUN_0040cbaf(int * param_1)
0040cbc6	FUN_0040cbc6	53	false	false	__fastcall	short FUN_0040cbc6(int * param_1)
0040cbfb	FUN_0040cbfb	66	false	false	__fastcall	undefined4 FUN_0040cbfb(int * param_1)
0040cc3d	FUN_0040cc3d	32	false	false	__fastcall	undefined8 FUN_0040cc3d(int * param_1)
0040cc5d	FUN_0040cc5d	79	false	false	__thiscall	uint FUN_0040cc5d(void * this, uint * param_1, uint param_2)
0040ccac	FUN_0040ccac	47	false	false	__thiscall	uint FUN_0040ccac(void * this, char param_1)
0040ccdb	FUN_0040ccdb	32	false	false	__fastcall	uint FUN_0040ccdb(int * param_1)
0040ccfb	FUN_0040ccfb	107	false	false	__fastcall	longlong FUN_0040ccfb(int * param_1)
0040cd66	FUN_0040cd66	36	false	false	__thiscall	int FUN_0040cd66(void * this, uint param_1)
0040cd8a	FUN_0040cd8a	182	false	false	__thiscall	uint FUN_0040cd8a(void * this, uint param_1)
0040ce40	FUN_0040ce40	161	false	false	__stdcall	undefined1 * FUN_0040ce40(void)
0040cee1	FUN_0040cee1	92	false	false	__fastcall	undefined FUN_0040cee1(int param_1)
0040cf3d	FUN_0040cf3d	151	false	false	__thiscall	undefined FUN_0040cf3d(void * this, int * param_1)
0040cfd4	FUN_0040cfd4	125	false	false	__fastcall	undefined FUN_0040cfd4(undefined1 * param_1)
0040d051	FUN_0040d051	72	false	false	__thiscall	undefined FUN_0040d051(void * this, char param_1, int param_2, undefined4 * param_3, uint * param_4, int param_5, uint param_6, uint * param_7, void * param_8)
0040d099	FUN_0040d099	29	false	false	__thiscall	undefined FUN_0040d099(void * this, int param_1, int param_2)
0040d0b6	FUN_0040d0b6	21	false	false	__thiscall	undefined FUN_0040d0b6(void * this, undefined4 param_1, undefined4 param_2)
0040d0cb	FUN_0040d0cb	73	false	false	__thiscall	undefined FUN_0040d0cb(void * this, int param_1)
0040d114	FUN_0040d114	492	false	false	__thiscall	uint FUN_0040d114(void * this, undefined1[16] * param_1, uint param_2)
0040d300	FUN_0040d300	104	false	false	__thiscall	undefined FUN_0040d300(void * this, uint * param_1, int * param_2)
0040d368	FUN_0040d368	87	false	false	__fastcall	undefined4 * FUN_0040d368(undefined4 * param_1)
0040d3bf	FUN_0040d3bf	73	false	false	__fastcall	undefined FUN_0040d3bf(int * param_1)
0040d40d	FUN_0040d40d	71	false	false	__fastcall	undefined FUN_0040d40d(int * param_1)
0040d459	FUN_0040d459	95	false	false	__fastcall	undefined FUN_0040d459(int * param_1)
0040d4b8	FUN_0040d4b8	196	false	false	__thiscall	undefined FUN_0040d4b8(void * this, int param_1)
0040d57c	FUN_0040d57c	190	false	false	__thiscall	undefined FUN_0040d57c(void * this, int param_1)
0040d640	FUN_0040d640	153	false	false	__cdecl	int FUN_0040d640(int * param_1, int * param_2)
0040d6e0	FUN_0040d6e0	36	false	false	__cdecl	undefined FUN_0040d6e0(int * param_1, int * param_2)
0040d710	FUN_0040d710	97	false	false	__cdecl	int FUN_0040d710(int param_1, int * param_2)
0040d780	FUN_0040d780	25	false	false	__cdecl	undefined FUN_0040d780(char * param_1, int * param_2)
0040d7a0	FUN_0040d7a0	38	false	false	__cdecl	int FUN_0040d7a0(int * param_1, int * param_2)
0040d7d0	FUN_0040d7d0	38	false	false	__cdecl	undefined FUN_0040d7d0(int * param_1, int * param_2)
0040d800	FUN_0040d800	28	false	false	__cdecl	undefined FUN_0040d800(char * param_1, int * param_2)
0040d81c	FUN_0040d81c	128	false	false	__thiscall	undefined4 FUN_0040d81c(void * this, undefined4 param_1, int * param_2, int * param_3)
0040d89c	FUN_0040d89c	80	false	false	__thiscall	undefined FUN_0040d89c(void * this, undefined4 param_1, undefined4 param_2, short * param_3, int param_4)
0040d8ec	FUN_0040d8ec	196	false	false	__thiscall	undefined4 FUN_0040d8ec(void * this, undefined4 param_1, int param_2, LPCWSTR param_3, char * param_4, size_t param_5)
0040d9b0	FUN_0040d9b0	64	false	false	__thiscall	bool FUN_0040d9b0(void * this, undefined4 param_1, short * param_2, int param_3, int param_4, LPCWSTR param_5)
0040d9f0	FUN_0040d9f0	82	false	false	__thiscall	undefined4 FUN_0040d9f0(void * this, void * param_1, short * param_2, int param_3)
0040da42	FUN_0040da42	37	false	false	__fastcall	undefined FUN_0040da42(int param_1)
0040da67	FUN_0040da67	2042	false	false	__stdcall	undefined FUN_0040da67(void)
0040e261	FUN_0040e261	27	false	false	__thiscall	undefined FUN_0040e261(void * this, undefined4 param_1)
0040e27c	FUN_0040e27c	34	false	false	__thiscall	undefined FUN_0040e27c(void * this, undefined4 param_1, undefined4 param_2, undefined4 param_3)
0040e29e	FUN_0040e29e	35	false	false	__fastcall	undefined FUN_0040e29e(int param_1)
0040e2c1	FUN_0040e2c1	39	false	false	__thiscall	undefined FUN_0040e2c1(void * this, HWND param_1)
0040e2e8	FUN_0040e2e8	713	false	false	__thiscall	undefined FUN_0040e2e8(void * this, HWND param_1, undefined4 param_2, char param_3)
0040e5b1	FUN_0040e5b1	26	false	false	__cdecl	undefined FUN_0040e5b1(char * param_1, size_t param_2, char * param_3)
0040e5cb	FUN_0040e5cb	27	false	false	__cdecl	undefined FUN_0040e5cb(char * param_1, size_t param_2, char * param_3, va_list param_4)
0040e5e6	FID_conflict:__vsnprintf_l	49	false	false	__cdecl	int FID_conflict:__vsnprintf_l(char * _DstBuf, size_t _MaxCount, char * _Format, _locale_t _Locale, va_list _ArgList)
0040e617	FUN_0040e617	49	false	false	__stdcall	undefined FUN_0040e617(UINT param_1)
0040e648	FUN_0040e648	84	false	false	__stdcall	LPWSTR FUN_0040e648(UINT param_1, LPWSTR param_2, int param_3)
0040e69c	FUN_0040e69c	25	false	false	__fastcall	int FUN_0040e69c(int param_1)
0040e6b5	FUN_0040e6b5	475	false	false	__stdcall	undefined FUN_0040e6b5(void)
0040e890	FUN_0040e890	245	false	false	__thiscall	undefined FUN_0040e890(void * this, char param_1, int param_2, int param_3, int param_4)
0040e985	FUN_0040e985	50	false	false	__stdcall	undefined FUN_0040e985(uint * param_1, uint * param_2, uint * param_3)
0040e9b7	FUN_0040e9b7	1219	false	false	__thiscall	undefined FUN_0040e9b7(void * this, undefined1[16] * param_1, uint param_2, undefined1[16] * param_3)
0040ee7a	FUN_0040ee7a	138	false	false	__thiscall	undefined FUN_0040ee7a(void * this, undefined1[16] * param_1, int param_2, undefined1[16] * param_3)
0040ef04	FUN_0040ef04	42	false	false	__stdcall	byte FUN_0040ef04(byte param_1, byte param_2)
0040ef2e	FUN_0040ef2e	180	false	false	__fastcall	undefined FUN_0040ef2e(int param_1)
0040efe2	FUN_0040efe2	494	false	false	__thiscall	uint FUN_0040efe2(void * this, uint * param_1)
0040f1d0	FUN_0040f1d0	24	false	false	__fastcall	void * FUN_0040f1d0(void * param_1)
0040f1e8	FUN_0040f1e8	28	false	false	__fastcall	undefined FUN_0040f1e8(int * param_1)
0040f204	thunk_FUN_0040f279	5	true	false	__fastcall	undefined thunk_FUN_0040f279(undefined1 * param_1)
0040f209	FUN_0040f209	112	false	false	__thiscall	undefined4 FUN_0040f209(void * this, void * param_1)
0040f279	FUN_0040f279	19	false	false	__fastcall	undefined FUN_0040f279(undefined1 * param_1)
0040f28c	FUN_0040f28c	57	false	false	__thiscall	undefined FUN_0040f28c(void * this, uint * param_1, uint param_2)
0040f2c5	FUN_0040f2c5	62	false	false	__fastcall	undefined FUN_0040f2c5(undefined4 * param_1)
0040f303	FUN_0040f303	65	false	false	__thiscall	undefined FUN_0040f303(void * this, uint * param_1, uint param_2, uint * param_3, uint param_4, char param_5)
0040f344	FUN_0040f344	182	false	false	__stdcall	undefined FUN_0040f344(int param_1, uint param_2, char param_3, byte param_4)
0040f3fa	FUN_0040f3fa	75	false	false	__thiscall	undefined FUN_0040f3fa(void * this, wchar_t * param_1)
0040f445	FUN_0040f445	28	false	false	__stdcall	undefined FUN_0040f445(undefined1 * param_1, int param_2)
0040f461	FUN_0040f461	2169	false	false	__stdcall	undefined FUN_0040f461(uint * param_1, uint * param_2, uint * param_3, char param_4)
0040fcda	FUN_0040fcda	194	false	false	__stdcall	undefined FUN_0040fcda(uint * param_1, undefined4 * param_2)
0040fd9c	FUN_0040fd9c	49	false	false	__stdcall	undefined FUN_0040fd9c(undefined4 * param_1)
0040fdcd	FUN_0040fdcd	159	false	false	__stdcall	uint FUN_0040fdcd(uint * param_1, uint * param_2, uint param_3)
0040fe6c	FUN_0040fe6c	199	false	false	__stdcall	uint FUN_0040fe6c(uint * param_1, uint * param_2, uint param_3)
0040ff33	FUN_0040ff33	227	false	false	__stdcall	undefined FUN_0040ff33(uint * param_1, ulong * param_2)
00410016	FUN_00410016	70	false	false	__stdcall	undefined FUN_00410016(undefined4 * param_1)
0041005c	FUN_0041005c	91	false	false	__stdcall	undefined FUN_0041005c(uint * param_1, uint * param_2, uint param_3)
004100b7	FUN_004100b7	429	false	false	__stdcall	undefined FUN_004100b7(uint * param_1)
00410264	FUN_00410264	43	false	false	__fastcall	undefined8 FUN_00410264(undefined4 param_1, undefined4 param_2, uint param_3, int param_4, uint param_5, uint param_6)
0041028f	FUN_0041028f	43	false	false	__fastcall	undefined8 FUN_0041028f(undefined4 param_1, undefined4 param_2, uint param_3, int param_4, uint param_5, uint param_6)
004102ba	FUN_004102ba	183	false	false	__stdcall	undefined FUN_004102ba(void)
00410371	FUN_00410371	185	false	false	__stdcall	ushort * FUN_00410371(ushort * param_1, int param_2, int param_3)
0041042a	FUN_0041042a	49	false	false	__stdcall	undefined FUN_0041042a(char * param_1, LPSTR param_2, uint param_3)
0041045b	FUN_0041045b	31	false	false	__stdcall	undefined4 FUN_0041045b(int param_1)
0041047a	FUN_0041047a	19	false	false	__stdcall	undefined4 FUN_0041047a(int param_1)
0041048d	FUN_0041048d	23	false	false	__stdcall	undefined1 FUN_0041048d(int param_1)
004104a4	FUN_004104a4	25	false	false	__stdcall	undefined4 FUN_004104a4(int param_1)
004104bd	FUN_004104bd	195	false	false	__stdcall	undefined FUN_004104bd(uint param_1, int param_2, int param_3, int param_4)
00410580	FUN_00410580	39	false	false	__stdcall	undefined FUN_00410580(char * param_1, int param_2, uint param_3)
004105a7	FUN_004105a7	46	false	false	__stdcall	undefined FUN_004105a7(char * param_1, int param_2, int param_3)
004105d5	thunk_FUN_00411fbb	5	true	false	__stdcall	int thunk_FUN_00411fbb(PCNZWCH param_1, PCNZWCH param_2)
004105da	FUN_004105da	40	false	false	__stdcall	undefined FUN_004105da(wchar_t * param_1, int param_2, uint param_3)
00410602	FUN_00410602	53	false	false	__stdcall	undefined FUN_00410602(short * param_1, int param_2, int param_3)
00410637	FUN_00410637	34	false	false	__fastcall	int * FUN_00410637(int * param_1)
00410659	FUN_00410659	60	false	false	__thiscall	undefined FUN_00410659(void * this, wchar_t * param_1)
00410695	FUN_00410695	18	false	false	__fastcall	void * FUN_00410695(void * param_1)
004106a7	FUN_004106a7	60	false	false	__thiscall	undefined4 FUN_004106a7(void * this, undefined4 * param_1)
004106e3	FUN_004106e3	37	false	false	__thiscall	undefined4 FUN_004106e3(void * this, short * param_1, int param_2)
00410708	FUN_00410708	22	false	false	__fastcall	undefined FUN_00410708(int * param_1)
0041071e	FUN_0041071e	5	false	false	__fastcall	undefined FUN_0041071e(int param_1)
00410723	FUN_00410723	153	false	false	__stdcall	uint FUN_00410723(void)
004107bc	FUN_004107bc	95	false	false	__stdcall	bool FUN_004107bc(void)
0041081b	FUN_0041081b	72	false	false	__stdcall	undefined FUN_0041081b(int param_1)
00410863	FUN_00410863	1445	false	false	__stdcall	undefined FUN_00410863(byte param_1)
00410e08	FUN_00410e08	62	false	false	__stdcall	undefined FUN_00410e08(void)
00410e46	FUN_00410e46	167	false	false	__thiscall	uint * FUN_00410e46(void * this, uint param_1)
00410eed	FUN_00410eed	148	false	false	__fastcall	undefined FUN_00410eed(int param_1)
00410f86	FUN_00410f86	93	false	false	__thiscall	undefined FUN_00410f86(void * this, uint param_1, uint param_2)
00410fe4	FUN_00410fe4	59	false	false	__stdcall	undefined FUN_00410fe4(HANDLE param_1)
0041101f	FUN_0041101f	127	false	false	__fastcall	undefined FUN_0041101f(uint * param_1)
0041109e	FUN_0041109e	62	false	false	__stdcall	uint FUN_0041109e(void)
004110dc	FUN_004110dc	23	false	false	__stdcall	uint FUN_004110dc(void)
004110f3	FUN_004110f3	100	false	false	__thiscall	bool FUN_004110f3(void * this, undefined4 * param_1)
00411160	FUN_00411160	14	false	false	__stdcall	undefined4 FUN_00411160(undefined * param_1)
0041116e	FUN_0041116e	97	false	false	__fastcall	undefined FUN_0041116e(undefined * param_1)
004111cf	FUN_004111cf	57	false	false	__fastcall	undefined FUN_004111cf(int param_1)
00411208	FUN_00411208	16	false	false	__thiscall	undefined FUN_00411208(void * this, uint param_1, int param_2)
00411218	FUN_00411218	370	false	false	__thiscall	undefined FUN_00411218(void * this, uint * param_1)
0041138a	FUN_0041138a	26	false	false	__thiscall	undefined FUN_0041138a(void * this, undefined8 * param_1)
004113a4	FUN_004113a4	46	false	false	__stdcall	uint FUN_004113a4(uint param_1)
004113d2	FUN_004113d2	60	false	false	__fastcall	undefined FUN_004113d2(undefined4 * param_1)
0041140e	FUN_0041140e	92	false	false	__thiscall	undefined FUN_0041140e(void * this, uint param_1)
0041146a	FUN_0041146a	293	false	false	__thiscall	undefined FUN_0041146a(void * this, WORD * param_1)
0041158f	FUN_0041158f	44	false	false	__thiscall	undefined FUN_0041158f(void * this, uint param_1, int param_2)
004115bb	FUN_004115bb	31	false	false	__thiscall	undefined FUN_004115bb(void * this, uint param_1, int param_2)
004115da	FUN_004115da	36	false	false	__thiscall	undefined FUN_004115da(void * this, uint * param_1)
004115fe	FUN_004115fe	693	false	false	__fastcall	undefined FUN_004115fe(undefined4 * param_1)
0041193e	thunk_FUN_0041dca1	5	true	false	__stdcall	undefined4 thunk_FUN_0041dca1(undefined4 param_1, undefined4 param_2)
00411943	FUN_00411943	174	false	false	__stdcall	bool FUN_00411943(void)
004119f1	FUN_004119f1	301	false	false	__stdcall	INT_PTR FUN_004119f1(int param_1, LPCWSTR param_2, int param_3, undefined4 param_4, undefined4 param_5, undefined4 param_6, undefined4 param_7)
00411b1e	FUN_00411b1e	36	false	false	__fastcall	undefined FUN_00411b1e(undefined4 param_1, undefined4 param_2)
00411b42	FUN_00411b42	22	false	false	__stdcall	undefined FUN_00411b42(int param_1, wchar_t * param_2, undefined4 * param_3)
00411b58	thunk_FUN_0041b568	5	true	false	__stdcall	undefined thunk_FUN_0041b568(void)
00411b5d	FUN_00411b5d	6	false	false	__stdcall	undefined1 FUN_00411b5d(void)
00411b63	FUN_00411b63	3	false	false	__stdcall	undefined1 FUN_00411b63(void)
00411b66	FUN_00411b66	25	false	false	__stdcall	undefined FUN_00411b66(char param_1, wchar_t * param_2)
00411b7f	thunk_FUN_0041dec2	5	true	false	__stdcall	bool thunk_FUN_0041dec2(void)
00411b84	FUN_00411b84	57	false	false	__stdcall	uint FUN_00411b84(LPCSTR param_1, LPWSTR param_2, int param_3)
00411bbd	FUN_00411bbd	64	false	false	__fastcall	undefined FUN_00411bbd(int param_1)
00411bfd	FUN_00411bfd	62	false	false	__stdcall	int FUN_00411bfd(byte * param_1, int param_2, uint param_3)
00411c3b	FUN_00411c3b	364	false	false	__stdcall	undefined1 FUN_00411c3b(byte * param_1, ushort * param_2, int param_3)
00411da7	FUN_00411da7	56	false	false	__stdcall	uint FUN_00411da7(LPCWSTR param_1, LPSTR param_2, int param_3)
00411ddf	FUN_00411ddf	54	false	false	__stdcall	int FUN_00411ddf(short * param_1, int param_2, uint param_3)
00411e15	FUN_00411e15	271	false	false	__stdcall	undefined FUN_00411e15(ushort * param_1, byte * param_2, int param_3)
00411f24	FUN_00411f24	131	false	false	__stdcall	ulonglong FUN_00411f24(ushort * param_1)
00411fa7	thunk_FUN_00411f24	5	true	false	__stdcall	ulonglong thunk_FUN_00411f24(ushort * param_1)
00411fac	FUN_00411fac	15	false	false	__stdcall	undefined FUN_00411fac(ushort param_1)
00411fbb	FUN_00411fbb	34	false	false	__stdcall	int FUN_00411fbb(PCNZWCH param_1, PCNZWCH param_2)
00411fdd	FUN_00411fdd	97	false	false	__stdcall	int FUN_00411fdd(wchar_t * param_1, wchar_t * param_2, uint param_3)
0041203e	FUN_0041203e	41	false	false	__fastcall	void * FUN_0041203e(void * param_1)
00412067	FUN_00412067	34	false	false	__fastcall	int FUN_00412067(int param_1)
00412089	FUN_00412089	305	false	false	__stdcall	undefined4 * FUN_00412089(void)
004121c0	FUN_004121c0	30	false	false	__fastcall	int FUN_004121c0(int param_1)
004121e0	FUN_004121e0	24	false	false	__thiscall	undefined4 * FUN_004121e0(void * this, int param_1)
004121f8	FUN_004121f8	24	false	false	__fastcall	undefined4 * FUN_004121f8(undefined4 * param_1)
00412210	FUN_00412210	41	false	false	__thiscall	undefined4 * FUN_00412210(void * this, int param_1)
00412239	FUN_00412239	73	false	false	__fastcall	undefined FUN_00412239(int * param_1)
00412287	thunk_FUN_00414872	5	true	false	__fastcall	undefined thunk_FUN_00414872(int param_1)
0041228c	FUN_0041228c	11	false	false	__fastcall	undefined FUN_0041228c(int param_1)
00412297	FUN_00412297	189	false	false	__fastcall	undefined FUN_00412297(void * param_1)
00412360	FUN_00412360	29	false	false	__fastcall	undefined FUN_00412360(int param_1)
00412380	FUN_00412380	17	false	false	__fastcall	undefined FUN_00412380(undefined4 * param_1)
00412391	FUN_00412391	56	false	false	__thiscall	int FUN_00412391(void * this, uint param_1)
004123c9	FUN_004123c9	129	false	false	__thiscall	uint * FUN_004123c9(void * this, uint param_1)
00412450	FUN_00412450	42	false	false	__thiscall	undefined4 * FUN_00412450(void * this, byte param_1)
0041247a	FUN_0041247a	196	false	false	__thiscall	undefined FUN_0041247a(void * this, int param_1)
0041253e	FUN_0041253e	105	false	false	__thiscall	undefined4 FUN_0041253e(void * this, undefined4 * param_1)
004125a7	FUN_004125a7	891	false	false	__stdcall	undefined4 FUN_004125a7(void)
00412922	FUN_00412922	26	false	false	__thiscall	undefined FUN_00412922(void * this, uint param_1)
0041293c	FUN_0041293c	53	false	false	__fastcall	undefined FUN_0041293c(void * param_1)
00412971	FUN_00412971	92	false	false	__thiscall	undefined FUN_00412971(void * this, int param_1)
004129cd	FUN_004129cd	164	false	false	__thiscall	undefined4 * FUN_004129cd(void * this, int param_1)
00412a71	FUN_00412a71	327	false	false	__thiscall	int * FUN_00412a71(void * this, int * param_1, uint param_2, char * param_3)
00412bb8	FUN_00412bb8	38	false	false	__fastcall	undefined FUN_00412bb8(void * param_1)
00412bde	FUN_00412bde	30	false	false	__fastcall	undefined FUN_00412bde(int param_1)
00412bfc	FUN_00412bfc	52	false	false	__thiscall	undefined FUN_00412bfc(void * this, undefined1 * param_1, int param_2, int param_3)
00412c30	FUN_00412c30	88	false	false	__thiscall	undefined FUN_00412c30(void * this, int param_1, int param_2, uint * param_3, uint param_4)
00412c88	FUN_00412c88	309	false	false	__thiscall	ushort * FUN_00412c88(void * this, char param_1, ushort * param_2)
00412dbd	FUN_00412dbd	440	false	false	__fastcall	uint FUN_00412dbd(void * param_1)
00412f75	FUN_00412f75	171	false	false	__thiscall	bool FUN_00412f75(void * this, undefined4 * param_1, undefined4 * param_2)
00413020	FUN_00413020	71	false	false	__thiscall	undefined FUN_00413020(void * this, int param_1, char param_2)
00413067	FUN_00413067	28	false	false	__thiscall	ulonglong FUN_00413067(void * this, int * param_1)
00413083	FUN_00413083	88	false	false	__thiscall	uint * FUN_00413083(void * this, uint * param_1, int param_2)
004130db	FUN_004130db	43	false	false	__thiscall	uint FUN_004130db(void * this, uint param_1, uint param_2)
00413106	FUN_00413106	49	false	false	__fastcall	undefined1 FUN_00413106(undefined4 * param_1)
00413137	FUN_00413137	371	false	false	__fastcall	undefined FUN_00413137(int param_1)
004132aa	FUN_004132aa	205	false	false	__thiscall	undefined FUN_004132aa(void * this, uint param_1)
00413377	FUN_00413377	380	false	false	__thiscall	undefined FUN_00413377(void * this, uint param_1, char param_2)
004134f3	FUN_004134f3	54	false	false	__thiscall	undefined FUN_004134f3(void * this, undefined4 param_1)
00413529	FUN_00413529	117	false	false	__thiscall	undefined FUN_00413529(void * this, char param_1)
0041359e	FUN_0041359e	260	false	false	__stdcall	undefined FUN_0041359e(void)
004136a2	FUN_004136a2	245	false	false	__fastcall	undefined FUN_004136a2(int * param_1)
00413797	FUN_00413797	374	false	false	__stdcall	undefined FUN_00413797(int param_1, uint * param_2, uint param_3)
0041390d	FUN_0041390d	1241	false	false	__thiscall	uint FUN_0041390d(void * this, int param_1)
00413de6	FUN_00413de6	37	false	false	__thiscall	undefined FUN_00413de6(void * this, undefined4 param_1, undefined4 param_2, undefined4 param_3, undefined4 param_4)
00413e0b	FUN_00413e0b	315	false	false	__thiscall	uint FUN_00413e0b(void * this, int * param_1, int * param_2)
00413f46	FUN_00413f46	87	false	false	__fastcall	bool FUN_00413f46(undefined4 * param_1)
00413f9d	FUN_00413f9d	135	false	false	__thiscall	uint FUN_00413f9d(void * this, int * param_1, char * param_2)
00414024	FUN_00414024	100	false	false	__stdcall	int FUN_00414024(int * param_1)
00414088	FUN_00414088	823	false	false	__fastcall	bool FUN_00414088(undefined4 * param_1)
004143bf	FUN_004143bf	711	false	false	__thiscall	undefined4 FUN_004143bf(void * this, int * param_1, int param_2, uint * param_3)
00414686	FUN_00414686	293	false	false	__stdcall	undefined1 FUN_00414686(void)
004147ab	FUN_004147ab	199	false	false	__stdcall	undefined1 FUN_004147ab(void)
00414872	FUN_00414872	34	false	false	__fastcall	undefined FUN_00414872(int param_1)
00414894	FUN_00414894	437	false	false	__fastcall	undefined FUN_00414894(int param_1)
00414a49	FUN_00414a49	45	false	false	__fastcall	uint FUN_00414a49(int param_1)
00414a76	FUN_00414a76	79	false	false	__stdcall	undefined FUN_00414a76(void)
00414ac5	FUN_00414ac5	117	false	false	__thiscall	uint * FUN_00414ac5(void * this, uint * param_1, int param_2, int param_3)
00414b3a	FUN_00414b3a	99	false	false	__thiscall	undefined FUN_00414b3a(void * this, int param_1, int param_2, int param_3)
00414b9d	FUN_00414b9d	175	false	false	__thiscall	undefined FUN_00414b9d(void * this, undefined4 param_1)
00414c4c	FUN_00414c4c	92	false	false	__thiscall	bool FUN_00414c4c(void * this, int param_1)
00414ca8	FUN_00414ca8	21	false	false	__fastcall	undefined FUN_00414ca8(int * param_1)
00414cbd	FUN_00414cbd	77	false	false	__thiscall	undefined FUN_00414cbd(void * this, char param_1)
00414d0a	FUN_00414d0a	186	false	false	__thiscall	undefined FUN_00414d0a(void * this, char param_1)
00414dc4	FUN_00414dc4	142	false	false	__fastcall	uint FUN_00414dc4(undefined4 * param_1)
00414e52	FUN_00414e52	212	false	false	__fastcall	uint FUN_00414e52(undefined4 * param_1)
00414f26	FUN_00414f26	167	false	false	__thiscall	undefined FUN_00414f26(void * this, int * param_1, int * param_2)
00414fcd	FUN_00414fcd	565	false	false	__fastcall	undefined FUN_00414fcd(undefined4 * param_1)
00415202	FUN_00415202	720	false	false	__fastcall	undefined FUN_00415202(undefined4 * param_1)
004154d2	FUN_004154d2	93	false	false	__thiscall	undefined FUN_004154d2(void * this, uint * param_1, int * param_2)
0041552f	FUN_0041552f	3355	false	false	__thiscall	undefined FUN_0041552f(void * this, char param_1)
0041624a	FUN_0041624a	2706	false	false	__thiscall	undefined FUN_0041624a(void * this, char param_1)
00416cdc	FUN_00416cdc	1143	false	false	__thiscall	ulonglong FUN_00416cdc(void * this, char param_1)
00417153	FUN_00417153	1645	false	false	__thiscall	undefined FUN_00417153(void * this, int param_1)
004177c0	FUN_004177c0	47	false	false	__stdcall	undefined FUN_004177c0(int * param_1)
004177ef	FUN_004177ef	2560	false	false	__thiscall	undefined4 FUN_004177ef(void * this, int param_1)
004181ef	FUN_004181ef	770	false	false	__fastcall	undefined FUN_004181ef(void * param_1)
004184f1	FUN_004184f1	65	false	false	__thiscall	undefined2 * FUN_004184f1(void * this, int param_1, int param_2, undefined4 * param_3)
00418532	FUN_00418532	303	false	false	__thiscall	undefined FUN_00418532(void * this, int param_1)
00418661	FUN_00418661	345	false	false	__thiscall	undefined4 FUN_00418661(void * this, int param_1)
004187ba	FUN_004187ba	378	false	false	__thiscall	undefined4 FUN_004187ba(void * this, int param_1)
00418934	FUN_00418934	68	false	false	__fastcall	uint FUN_00418934(int * param_1)
00418978	FUN_00418978	148	false	false	__thiscall	ushort * FUN_00418978(void * this, int param_1, int param_2)
00418a0c	FUN_00418a0c	445	false	false	__thiscall	undefined FUN_00418a0c(void * this, int param_1)
00418bc9	FUN_00418bc9	91	false	false	__thiscall	undefined FUN_00418bc9(void * this, int param_1, undefined4 * param_2)
00418c24	FUN_00418c24	58	false	false	__thiscall	undefined FUN_00418c24(void * this, int param_1, int param_2)
00418c5e	FUN_00418c5e	32	false	false	__fastcall	undefined FUN_00418c5e(short * param_1)
00418c80	FUN_00418c80	13	false	false	__fastcall	char * FUN_00418c80(int param_1)
00418c8d	FUN_00418c8d	995	false	false	__stdcall	undefined4 FUN_00418c8d(int * param_1, void * param_2, undefined4 param_3, short param_4)
00419070	FUN_00419070	71	false	false	__fastcall	undefined4 * FUN_00419070(undefined4 * param_1)
004190b7	FUN_004190b7	85	false	false	__fastcall	undefined4 * FUN_004190b7(undefined4 * param_1)
0041910c	FUN_0041910c	103	false	false	__fastcall	undefined FUN_0041910c(undefined4 * param_1)
00419178	FUN_00419178	152	false	false	__fastcall	undefined FUN_00419178(void * param_1)
00419220	FUN_00419220	14	false	false	__stdcall	undefined FUN_00419220(int param_1)
00419230	FUN_00419230	10	false	false	__stdcall	undefined FUN_00419230(int param_1)
00419240	FUN_00419240	10	false	false	__stdcall	undefined FUN_00419240(int param_1)
00419250	FUN_00419250	10	false	false	__stdcall	undefined FUN_00419250(int param_1)
00419260	FUN_00419260	10	false	false	__stdcall	undefined FUN_00419260(int param_1)
00419270	FUN_00419270	14	false	false	__stdcall	undefined FUN_00419270(int param_1)
00419280	FUN_00419280	5	false	false	__stdcall	undefined4 FUN_00419280(void)
00419285	FUN_00419285	24	false	false	__fastcall	undefined FUN_00419285(int param_1)
0041929d	FUN_0041929d	108	false	false	__fastcall	undefined FUN_0041929d(void * param_1)
00419310	FUN_00419310	8	false	false	__stdcall	undefined4 FUN_00419310(void)
00419320	FUN_00419320	10	false	false	__stdcall	undefined FUN_00419320(void)
00419330	FUN_00419330	8	false	false	__stdcall	undefined4 FUN_00419330(void)
00419338	FUN_00419338	58	false	false	__fastcall	undefined FUN_00419338(void * param_1)
00419380	FUN_00419380	10	false	false	__stdcall	undefined FUN_00419380(void)
00419390	FUN_00419390	13	false	false	__stdcall	undefined4 FUN_00419390(undefined4 param_1, undefined4 param_2, undefined4 * param_3)
0041939d	FUN_0041939d	128	false	false	__thiscall	undefined4 FUN_0041939d(void * this, undefined4 param_1)
00419420	FUN_00419420	8	false	false	__stdcall	undefined4 FUN_00419420(void)
00419430	FUN_00419430	8	false	false	__stdcall	undefined4 FUN_00419430(void)
00419440	FUN_00419440	13	false	false	__stdcall	undefined4 FUN_00419440(undefined4 param_1, undefined4 * param_2)
00419450	FUN_00419450	26	false	false	__stdcall	undefined4 FUN_00419450(undefined4 param_1, undefined4 * param_2)
00419470	FUN_00419470	15	false	false	__stdcall	undefined4 FUN_00419470(void)
00419480	FUN_00419480	8	false	false	__stdcall	undefined4 FUN_00419480(void)
00419490	FUN_00419490	6	false	false	__stdcall	undefined4 FUN_00419490(void)
004194a0	FUN_004194a0	36	false	false	__stdcall	bool FUN_004194a0(int param_1, undefined4 * param_2)
004194d0	FUN_004194d0	10	false	false	__stdcall	undefined FUN_004194d0(int param_1, undefined4 * param_2)
004194e0	FUN_004194e0	130	false	false	__stdcall	undefined4 FUN_004194e0(int param_1, uint * param_2, undefined4 * param_3, RECT * param_4, LPRECT param_5, undefined4 * param_6)
00419570	FUN_00419570	8	false	false	__stdcall	undefined4 FUN_00419570(void)
00419580	FUN_00419580	42	false	false	__stdcall	undefined4 FUN_00419580(int param_1, int param_2)
004195aa	FUN_004195aa	65	false	false	__stdcall	uint FUN_004195aa(ushort * param_1)
004195eb	FUN_004195eb	294	false	false	__thiscall	uint FUN_004195eb(void * this, int * param_1)
00419711	FUN_00419711	337	false	false	__thiscall	undefined FUN_00419711(void * this, wchar_t * param_1)
00419862	FUN_00419862	223	false	false	__thiscall	undefined FUN_00419862(void * this, undefined4 param_1)
00419950	FUN_00419950	5	false	false	__stdcall	undefined4 FUN_00419950(void)
00419955	FUN_00419955	274	false	false	__stdcall	wchar_t * FUN_00419955(wchar_t * param_1, wchar_t * param_2)
00419a70	FUN_00419a70	229	false	false	__stdcall	undefined4 FUN_00419a70(int * param_1, uint * param_2, undefined4 * param_3)
00419b60	FUN_00419b60	10	false	false	__stdcall	undefined FUN_00419b60(int param_1, uint * param_2, undefined4 * param_3)
00419b70	FUN_00419b70	10	false	false	__stdcall	undefined FUN_00419b70(int param_1, uint * param_2, undefined4 * param_3)
00419b80	FUN_00419b80	10	false	false	__stdcall	undefined FUN_00419b80(int param_1, uint * param_2, undefined4 * param_3)
00419b90	FUN_00419b90	10	false	false	__stdcall	undefined FUN_00419b90(int param_1, uint * param_2, undefined4 * param_3)
00419ba0	FUN_00419ba0	100	false	false	__stdcall	undefined4 FUN_00419ba0(int * param_1, uint * param_2, undefined4 * param_3)
00419c04	FUN_00419c04	103	false	false	__thiscall	undefined FUN_00419c04(void * this, HINSTANCE param_1)
00419c70	FUN_00419c70	39	false	false	__stdcall	int FUN_00419c70(undefined4 * param_1)
00419ca0	FUN_00419ca0	10	false	false	__stdcall	undefined FUN_00419ca0(int param_1)
00419cb0	FUN_00419cb0	10	false	false	__stdcall	undefined FUN_00419cb0(int param_1)
00419cc0	FUN_00419cc0	10	false	false	__stdcall	undefined FUN_00419cc0(int param_1)
00419cd0	FUN_00419cd0	10	false	false	__stdcall	undefined FUN_00419cd0(int param_1)
00419ce0	FUN_00419ce0	30	false	false	__stdcall	int FUN_00419ce0(void * param_1)
00419cfe	FUN_00419cfe	464	false	false	__stdcall	wchar_t * FUN_00419cfe(wchar_t * param_1)
00419ed0	FUN_00419ed0	5	false	false	__stdcall	undefined4 FUN_00419ed0(void)
00419ed5	FUN_00419ed5	316	false	false	__thiscall	undefined FUN_00419ed5(void * this, HINSTANCE param_1, HWND param_2, wchar_t * param_3, wchar_t * param_4, undefined1 param_5)
0041a020	FUN_0041a020	6	false	false	__stdcall	undefined4 FUN_0041a020(void)
0041a030	FUN_0041a030	6	false	false	__stdcall	undefined4 FUN_0041a030(void)
0041a040	FUN_0041a040	5	false	false	__stdcall	undefined4 FUN_0041a040(void)
0041a050	FUN_0041a050	6	false	false	__stdcall	undefined4 FUN_0041a050(void)
0041a060	FUN_0041a060	13	false	false	__stdcall	undefined4 FUN_0041a060(void)
0041a070	FUN_0041a070	79	false	false	__stdcall	undefined FUN_0041a070(HWND param_1, UINT param_2, WPARAM param_3, LONG * param_4)
0041a0bf	FUN_0041a0bf	195	false	false	__thiscall	undefined FUN_0041a0bf(void * this, LPCOLESTR param_1)
0041a182	FUN_0041a182	45	false	false	__fastcall	undefined FUN_0041a182(void * param_1)
0041a1af	FUN_0041a1af	37	false	false	__fastcall	undefined4 FUN_0041a1af(int param_1)
0041a1d4	FUN_0041a1d4	220	false	false	__fastcall	undefined FUN_0041a1d4(int * param_1)
0041a2b0	FUN_0041a2b0	104	false	false	__thiscall	undefined FUN_0041a2b0(void * this, int param_1)
0041a318	FUN_0041a318	161	false	false	__fastcall	undefined FUN_0041a318(int param_1)
0041a3b9	FUN_0041a3b9	61	false	false	__thiscall	undefined4 * FUN_0041a3b9(void * this, undefined4 param_1, int param_2)
0041a400	FUN_0041a400	55	false	false	__fastcall	undefined4 * FUN_0041a400(undefined4 * param_1)
0041a440	FUN_0041a440	74	false	false	__fastcall	undefined4 * FUN_0041a440(int param_1)
0041a48a	FUN_0041a48a	316	false	false	__stdcall	bool FUN_0041a48a(char param_1, undefined4 param_2, undefined4 param_3, int param_4, int param_5, undefined * param_6, int param_7)
0041a5c6	FUN_0041a5c6	30	false	false	__stdcall	undefined4 FUN_0041a5c6(void)
0041a5e4	FUN_0041a5e4	33	false	false	__stdcall	int FUN_0041a5e4(int param_1)
0041a605	FUN_0041a605	33	false	false	__stdcall	int FUN_0041a605(int param_1)
0041a626	FUN_0041a626	39	false	false	__thiscall	undefined4 * FUN_0041a626(void * this, undefined4 param_1, int param_2)
0041a64d	FUN_0041a64d	22	false	false	__stdcall	bool FUN_0041a64d(LPWSTR param_1, DWORD param_2)
0041a663	FUN_0041a663	54	false	false	__stdcall	undefined FUN_0041a663(void)
0041a699	FUN_0041a699	41	false	false	__stdcall	bool FUN_0041a699(void)
0041a6c2	FUN_0041a6c2	290	false	false	__stdcall	undefined4 FUN_0041a6c2(LPCWSTR param_1)
0041a7e4	FUN_0041a7e4	40	false	false	__stdcall	undefined FUN_0041a7e4(HWND param_1, LPCWSTR param_2, LPCWSTR param_3, UINT param_4)
0041a80c	FUN_0041a80c	701	false	false	__stdcall	undefined FUN_0041a80c(HANDLE param_1, RGBQUAD param_2, int * param_3)
0041aac9	FUN_0041aac9	226	false	false	__stdcall	HBITMAP FUN_0041aac9(HANDLE param_1, int param_2, int param_3)
0041abab	FUN_0041abab	89	false	false	__stdcall	undefined FUN_0041abab(HWND param_1)
0041ac04	FUN_0041ac04	18	false	false	__stdcall	bool FUN_0041ac04(LPCWSTR param_1)
0041ac16	FUN_0041ac16	102	false	false	__fastcall	undefined4 * FUN_0041ac16(undefined4 * param_1)
0041ac7c	FUN_0041ac7c	77	false	false	__fastcall	undefined FUN_0041ac7c(int param_1)
0041acce	FUN_0041acce	66	false	false	__fastcall	undefined FUN_0041acce(void * param_1)
0041ad10	FUN_0041ad10	194	false	false	__stdcall	undefined4 FUN_0041ad10(HWND param_1, int param_2, uint param_3, undefined4 * param_4)
0041add2	FUN_0041add2	93	false	false	__stdcall	undefined FUN_0041add2(short * param_1)
0041ae2f	FUN_0041ae2f	158	false	false	__stdcall	undefined FUN_0041ae2f(void)
0041aecd	FUN_0041aecd	66	false	false	__cdecl	undefined FUN_0041aecd(LPCWSTR param_1)
0041af0f	FUN_0041af0f	137	false	false	__stdcall	undefined FUN_0041af0f(uint param_1, int param_2, LPWSTR param_3, int param_4)
0041af98	FUN_0041af98	251	false	false	__stdcall	ushort * FUN_0041af98(ushort * param_1, undefined2 * param_2, uint param_3)
0041b093	FUN_0041b093	250	false	false	__stdcall	undefined4 FUN_0041b093(void)
0041b18d	Catch@0041b18d	35	false	false	__stdcall	undefined4 Catch@0041b18d(void)
0041b1b0	Catch_All@0041b1b0	14	false	false	__stdcall	undefined4 Catch_All@0041b1b0(void)
0041b1be	FUN_0041b1be	178	false	false	__stdcall	undefined FUN_0041b1be(short * param_1, int param_2)
0041b270	FUN_0041b270	164	false	false	__stdcall	undefined4 FUN_0041b270(HWND param_1, int param_2, uint param_3, LPCWSTR param_4)
0041b314	FUN_0041b314	273	false	false	__stdcall	WCHAR * FUN_0041b314(WCHAR * param_1, LPCWSTR param_2, short * param_3, undefined1 * param_4, undefined1 * param_5, int param_6)
0041b425	FUN_0041b425	105	false	false	__stdcall	char FUN_0041b425(LPWSTR param_1, undefined4 param_2)
0041b48e	FUN_0041b48e	218	false	false	__stdcall	wchar_t * FUN_0041b48e(undefined4 param_1, undefined4 * param_2)
0041b568	FUN_0041b568	87	false	false	__stdcall	undefined FUN_0041b568(void)
0041b5c0	FUN_0041b5c0	285	false	false	__stdcall	undefined4 FUN_0041b5c0(HWND param_1, int param_2, uint param_3, undefined4 param_4)
0041b6dd	FUN_0041b6dd	153	false	false	__stdcall	HBITMAP FUN_0041b6dd(void)
0041b776	FUN_0041b776	101	false	false	__cdecl	undefined FUN_0041b776(undefined4 param_1, wchar_t * param_2)
0041b7e0	FUN_0041b7e0	2614	false	false	__stdcall	undefined4 FUN_0041b7e0(void)
0041c220	FUN_0041c220	932	false	false	__stdcall	undefined4 FUN_0041c220(HWND param_1, int param_2, uint param_3, int param_4)
0041c5c4	FUN_0041c5c4	300	false	false	__stdcall	undefined FUN_0041c5c4(ushort * param_1)
0041c6f0	FUN_0041c6f0	77	false	false	__stdcall	undefined FUN_0041c6f0(int param_1, short * param_2, int param_3)
0041c73f	FUN_0041c73f	3292	false	false	__stdcall	undefined FUN_0041c73f(void)
0041d453	FUN_0041d453	129	false	false	__stdcall	wchar_t * FUN_0041d453(wchar_t * param_1, int param_2)
0041d4d4	FUN_0041d4d4	300	false	false	__stdcall	undefined FUN_0041d4d4(char param_1, LPARAM param_2)
0041d600	FUN_0041d600	148	false	false	__stdcall	undefined4 FUN_0041d600(HWND param_1, int param_2, uint param_3, LPCWSTR param_4)
0041d694	FUN_0041d694	10	false	false	__stdcall	undefined FUN_0041d694(void)
0041d69e	FUN_0041d69e	241	false	false	__stdcall	undefined FUN_0041d69e(HWND param_1)
0041d78f	FUN_0041d78f	612	false	false	__stdcall	undefined FUN_0041d78f(HWND param_1, wchar_t * param_2, int param_3, char param_4)
0041d9f3	FUN_0041d9f3	95	false	false	__stdcall	undefined FUN_0041d9f3(HWND param_1)
0041da52	FUN_0041da52	200	false	false	__stdcall	undefined FUN_0041da52(void)
0041db1a	Catch@0041db1a	35	false	false	__stdcall	undefined4 Catch@0041db1a(void)
0041db3d	Catch_All@0041db3d	14	false	false	__stdcall	undefined4 Catch_All@0041db3d(void)
0041db4b	FUN_0041db4b	147	false	false	__stdcall	undefined FUN_0041db4b(wchar_t * param_1)
0041dbde	FUN_0041dbde	93	false	false	__stdcall	undefined FUN_0041dbde(LPCWSTR param_1)
0041dc3b	FUN_0041dc3b	102	false	false	__stdcall	undefined FUN_0041dc3b(HANDLE param_1)
0041dca1	FUN_0041dca1	60	false	false	__stdcall	undefined4 FUN_0041dca1(undefined4 param_1, undefined4 param_2)
0041dcdd	FUN_0041dcdd	144	false	false	__stdcall	INT_PTR FUN_0041dcdd(LPARAM param_1, undefined4 param_2, undefined4 param_3, undefined4 param_4, undefined4 param_5)
0041dd6d	FUN_0041dd6d	51	false	false	__fastcall	undefined FUN_0041dd6d(undefined4 param_1, undefined4 param_2)
0041dda0	FUN_0041dda0	203	false	false	__stdcall	uint FUN_0041dda0(int param_1, LPCSTR param_2, wchar_t * param_3, undefined4 * param_4)
0041de6b	FUN_0041de6b	87	false	false	__stdcall	undefined FUN_0041de6b(char param_1, wchar_t * param_2)
0041dec2	FUN_0041dec2	90	false	false	__stdcall	bool FUN_0041dec2(void)
0041df1e	FUN_0041df1e	691	false	false	__stdcall	int FUN_0041df1e(void)
0041e1d1	DelayLoad_ShowWindow	10	false	false	__stdcall	undefined DelayLoad_ShowWindow(void)
0041e1db	FUN_0041e1db	17	false	false	__stdcall	undefined FUN_0041e1db(void)
0041e1ec	DelayLoad_GetDlgItem	10	false	false	__stdcall	undefined DelayLoad_GetDlgItem(void)
0041e1f6	DelayLoad_EnableWindow	10	false	false	__stdcall	undefined DelayLoad_EnableWindow(void)
0041e200	DelayLoad_SetWindowTextW	10	false	false	__stdcall	undefined DelayLoad_SetWindowTextW(void)
0041e20a	DelayLoad_GetParent	10	false	false	__stdcall	undefined DelayLoad_GetParent(void)
0041e214	DelayLoad_SetWindowPos	10	false	false	__stdcall	undefined DelayLoad_SetWindowPos(void)
0041e21e	DelayLoad_SetDlgItemTextW	10	false	false	__stdcall	undefined DelayLoad_SetDlgItemTextW(void)
0041e228	DelayLoad_GetSystemMetrics	10	false	false	__stdcall	undefined DelayLoad_GetSystemMetrics(void)
0041e232	DelayLoad_GetClientRect	10	false	false	__stdcall	undefined DelayLoad_GetClientRect(void)
0041e23c	DelayLoad_GetWindowRect	10	false	false	__stdcall	undefined DelayLoad_GetWindowRect(void)
0041e246	DelayLoad_GetWindowLongW	10	false	false	__stdcall	undefined DelayLoad_GetWindowLongW(void)
0041e250	DelayLoad_SetWindowLongW	10	false	false	__stdcall	undefined DelayLoad_SetWindowLongW(void)
0041e25a	DelayLoad_SetProcessDefaultLayout	10	false	false	__stdcall	undefined DelayLoad_SetProcessDefaultLayout(void)
0041e264	DelayLoad_GetWindow	10	false	false	__stdcall	undefined DelayLoad_GetWindow(void)
0041e26e	DelayLoad_LoadStringW	10	false	false	__stdcall	undefined DelayLoad_LoadStringW(void)
0041e278	DelayLoad_OemToCharBuffA	10	false	false	__stdcall	undefined DelayLoad_OemToCharBuffA(void)
0041e282	DelayLoad_CharUpperW	10	false	false	__stdcall	undefined DelayLoad_CharUpperW(void)
0041e28c	DelayLoad_DefWindowProcW	10	false	false	__stdcall	undefined DelayLoad_DefWindowProcW(void)
0041e296	DelayLoad_RegisterClassExW	10	false	false	__stdcall	undefined DelayLoad_RegisterClassExW(void)
0041e2a0	DelayLoad_CreateWindowExW	10	false	false	__stdcall	undefined DelayLoad_CreateWindowExW(void)
0041e2aa	DelayLoad_IsWindow	10	false	false	__stdcall	undefined DelayLoad_IsWindow(void)
0041e2b4	DelayLoad_DestroyWindow	10	false	false	__stdcall	undefined DelayLoad_DestroyWindow(void)
0041e2be	DelayLoad_UpdateWindow	10	false	false	__stdcall	undefined DelayLoad_UpdateWindow(void)
0041e2c8	DelayLoad_MapWindowPoints	10	false	false	__stdcall	undefined DelayLoad_MapWindowPoints(void)
0041e2d2	DelayLoad_CopyRect	10	false	false	__stdcall	undefined DelayLoad_CopyRect(void)
0041e2dc	DelayLoad_LoadCursorW	10	false	false	__stdcall	undefined DelayLoad_LoadCursorW(void)
0041e2e6	DelayLoad_SendMessageW	10	false	false	__stdcall	undefined DelayLoad_SendMessageW(void)
0041e2f0	DelayLoad_GetDC	10	false	false	__stdcall	undefined DelayLoad_GetDC(void)
0041e2fa	DelayLoad_ReleaseDC	10	false	false	__stdcall	undefined DelayLoad_ReleaseDC(void)
0041e304	DelayLoad_MessageBoxW	10	false	false	__stdcall	undefined DelayLoad_MessageBoxW(void)
0041e30e	DelayLoad_FindWindowExW	10	false	false	__stdcall	undefined DelayLoad_FindWindowExW(void)
0041e318	DelayLoad_GetClassNameW	10	false	false	__stdcall	undefined DelayLoad_GetClassNameW(void)
0041e322	DelayLoad_CopyImage	10	false	false	__stdcall	undefined DelayLoad_CopyImage(void)
0041e32c	DelayLoad_wvsprintfW	10	false	false	__stdcall	undefined DelayLoad_wvsprintfW(void)
0041e336	DelayLoad_GetMessageW	10	false	false	__stdcall	undefined DelayLoad_GetMessageW(void)
0041e340	DelayLoad_TranslateMessage	10	false	false	__stdcall	undefined DelayLoad_TranslateMessage(void)
0041e34a	DelayLoad_DispatchMessageW	10	false	false	__stdcall	undefined DelayLoad_DispatchMessageW(void)
0041e354	DelayLoad_PeekMessageW	10	false	false	__stdcall	undefined DelayLoad_PeekMessageW(void)
0041e35e	DelayLoad_PostMessageW	10	false	false	__stdcall	undefined DelayLoad_PostMessageW(void)
0041e368	DelayLoad_WaitForInputIdle	10	false	false	__stdcall	undefined DelayLoad_WaitForInputIdle(void)
0041e372	DelayLoad_IsWindowVisible	10	false	false	__stdcall	undefined DelayLoad_IsWindowVisible(void)
0041e37c	DelayLoad_DialogBoxParamW	10	false	false	__stdcall	undefined DelayLoad_DialogBoxParamW(void)
0041e386	DelayLoad_EndDialog	10	false	false	__stdcall	undefined DelayLoad_EndDialog(void)
0041e390	DelayLoad_GetDlgItemTextW	10	false	false	__stdcall	undefined DelayLoad_GetDlgItemTextW(void)
0041e39a	DelayLoad_SendDlgItemMessageW	10	false	false	__stdcall	undefined DelayLoad_SendDlgItemMessageW(void)
0041e3a4	DelayLoad_SetFocus	10	false	false	__stdcall	undefined DelayLoad_SetFocus(void)
0041e3ae	DelayLoad_SetForegroundWindow	10	false	false	__stdcall	undefined DelayLoad_SetForegroundWindow(void)
0041e3b8	DelayLoad_GetSysColor	10	false	false	__stdcall	undefined DelayLoad_GetSysColor(void)
0041e3c2	DelayLoad_LoadBitmapW	10	false	false	__stdcall	undefined DelayLoad_LoadBitmapW(void)
0041e3cc	DelayLoad_LoadIconW	10	false	false	__stdcall	undefined DelayLoad_LoadIconW(void)
0041e3d6	DelayLoad_DestroyIcon	10	false	false	__stdcall	undefined DelayLoad_DestroyIcon(void)
0041e3e0	DelayLoad_IsDialogMessageW	10	false	false	__stdcall	undefined DelayLoad_IsDialogMessageW(void)
0041e3ea	DelayLoad_CreateCompatibleBitmap	10	false	false	__stdcall	undefined DelayLoad_CreateCompatibleBitmap(void)
0041e3f4	FUN_0041e3f4	17	false	false	__stdcall	undefined FUN_0041e3f4(void)
0041e405	DelayLoad_CreateCompatibleDC	10	false	false	__stdcall	undefined DelayLoad_CreateCompatibleDC(void)
0041e40f	DelayLoad_DeleteDC	10	false	false	__stdcall	undefined DelayLoad_DeleteDC(void)
0041e419	DelayLoad_DeleteObject	10	false	false	__stdcall	undefined DelayLoad_DeleteObject(void)
0041e423	DelayLoad_GetDeviceCaps	10	false	false	__stdcall	undefined DelayLoad_GetDeviceCaps(void)
0041e42d	DelayLoad_SelectObject	10	false	false	__stdcall	undefined DelayLoad_SelectObject(void)
0041e437	DelayLoad_StretchBlt	10	false	false	__stdcall	undefined DelayLoad_StretchBlt(void)
0041e441	DelayLoad_CreateDIBSection	10	false	false	__stdcall	undefined DelayLoad_CreateDIBSection(void)
0041e44b	DelayLoad_GetObjectW	10	false	false	__stdcall	undefined DelayLoad_GetObjectW(void)
0041e455	DelayLoad_GetOpenFileNameW	10	false	false	__stdcall	undefined DelayLoad_GetOpenFileNameW(void)
0041e45f	FUN_0041e45f	17	false	false	__stdcall	undefined FUN_0041e45f(void)
0041e470	DelayLoad_GetSaveFileNameW	10	false	false	__stdcall	undefined DelayLoad_GetSaveFileNameW(void)
0041e47a	DelayLoad_CommDlgExtendedError	10	false	false	__stdcall	undefined DelayLoad_CommDlgExtendedError(void)
0041e484	FUN_0041e484	17	false	false	__stdcall	undefined FUN_0041e484(void)
0041e495	DelayLoad_OpenProcessToken	10	false	false	__stdcall	undefined DelayLoad_OpenProcessToken(void)
0041e49f	DelayLoad_AdjustTokenPrivileges	10	false	false	__stdcall	undefined DelayLoad_AdjustTokenPrivileges(void)
0041e4a9	DelayLoad_SetFileSecurityW	10	false	false	__stdcall	undefined DelayLoad_SetFileSecurityW(void)
0041e4b3	DelayLoad_LookupPrivilegeValueW	10	false	false	__stdcall	undefined DelayLoad_LookupPrivilegeValueW(void)
0041e4bd	DelayLoad_AllocateAndInitializeSid	10	false	false	__stdcall	undefined DelayLoad_AllocateAndInitializeSid(void)
0041e4c7	DelayLoad_FreeSid	10	false	false	__stdcall	undefined DelayLoad_FreeSid(void)
0041e4d1	DelayLoad_CheckTokenMembership	10	false	false	__stdcall	undefined DelayLoad_CheckTokenMembership(void)
0041e4db	DelayLoad_RegCloseKey	10	false	false	__stdcall	undefined DelayLoad_RegCloseKey(void)
0041e4e5	DelayLoad_RegCreateKeyExW	10	false	false	__stdcall	undefined DelayLoad_RegCreateKeyExW(void)
0041e4ef	DelayLoad_RegOpenKeyExW	10	false	false	__stdcall	undefined DelayLoad_RegOpenKeyExW(void)
0041e4f9	DelayLoad_RegQueryValueExW	10	false	false	__stdcall	undefined DelayLoad_RegQueryValueExW(void)
0041e503	DelayLoad_RegSetValueExW	10	false	false	__stdcall	undefined DelayLoad_RegSetValueExW(void)
0041e50d	DelayLoad_SHGetMalloc	10	false	false	__stdcall	undefined DelayLoad_SHGetMalloc(void)
0041e517	FUN_0041e517	17	false	false	__stdcall	undefined FUN_0041e517(void)
0041e528	DelayLoad_SHGetPathFromIDListW	10	false	false	__stdcall	undefined DelayLoad_SHGetPathFromIDListW(void)
0041e532	DelayLoad_SHBrowseForFolderW	10	false	false	__stdcall	undefined DelayLoad_SHBrowseForFolderW(void)
0041e53c	DelayLoad_SHFileOperationW	10	false	false	__stdcall	undefined DelayLoad_SHFileOperationW(void)
0041e546	DelayLoad_ShellExecuteExW	10	false	false	__stdcall	undefined DelayLoad_ShellExecuteExW(void)
0041e550	DelayLoad_SHGetFileInfoW	10	false	false	__stdcall	undefined DelayLoad_SHGetFileInfoW(void)
0041e55a	DelayLoad_SHGetFolderLocation	10	false	false	__stdcall	undefined DelayLoad_SHGetFolderLocation(void)
0041e564	DelayLoad_SHChangeNotify	10	false	false	__stdcall	undefined DelayLoad_SHChangeNotify(void)
0041e56e	DelayLoad_CoSetProxyBlanket	10	false	false	__stdcall	undefined DelayLoad_CoSetProxyBlanket(void)
0041e578	FUN_0041e578	17	false	false	__stdcall	undefined FUN_0041e578(void)
0041e589	DelayLoad_CoCreateInstance	10	false	false	__stdcall	undefined DelayLoad_CoCreateInstance(void)
0041e593	DelayLoad_CreateStreamOnHGlobal	10	false	false	__stdcall	undefined DelayLoad_CreateStreamOnHGlobal(void)
0041e59d	DelayLoad_CLSIDFromString	10	false	false	__stdcall	undefined DelayLoad_CLSIDFromString(void)
0041e5a7	DelayLoad_OleInitialize	10	false	false	__stdcall	undefined DelayLoad_OleInitialize(void)
0041e5b1	DelayLoad_OleUninitialize	10	false	false	__stdcall	undefined DelayLoad_OleUninitialize(void)
0041e5bb	DloadAcquireSectionWriteAccess	51	false	false	__stdcall	void DloadAcquireSectionWriteAccess(void)
0041e5ee	FUN_0041e5ee	118	false	false	__stdcall	bool FUN_0041e5ee(void)
0041e664	DloadLock	63	false	false	__stdcall	void DloadLock(void)
0041e6a3	FUN_0041e6a3	111	false	false	__stdcall	undefined FUN_0041e6a3(LPCVOID param_1, uint param_2)
0041e712	FUN_0041e712	123	false	false	__stdcall	int FUN_0041e712(dword * param_1, SectionFlags * param_2)
0041e78d	DloadProtectSection	110	false	false	__stdcall	void DloadProtectSection(ulong param_1, ulong * param_2)
0041e7fb	DloadReleaseSectionWriteAccess	54	false	false	__stdcall	void DloadReleaseSectionWriteAccess(void)
0041e831	DloadUnlock	44	false	false	__stdcall	void DloadUnlock(void)
0041e85d	___delayLoadHelper2@8	623	false	false	__stdcall	FARPROC ___delayLoadHelper2@8(uint * param_1, int * param_2)
0041eacc	DelayLoad_SHAutoComplete	27	false	false	__stdcall	undefined DelayLoad_SHAutoComplete(void)
0041eae7	DelayLoad_InitCommonControlsEx	27	false	false	__stdcall	undefined DelayLoad_InitCommonControlsEx(void)
0041eb02	GDIPLUS.DLL::GdipAlloc	6	true	false	unknown	undefined GdipAlloc()
0041eb08	GDIPLUS.DLL::GdipFree	6	true	false	unknown	undefined GdipFree()
0041eb0e	GDIPLUS.DLL::GdipCloneImage	6	true	false	unknown	undefined GdipCloneImage()
0041eb14	GDIPLUS.DLL::GdipDisposeImage	6	true	false	unknown	undefined GdipDisposeImage()
0041eb1a	GDIPLUS.DLL::GdipCreateBitmapFromStream	6	true	false	unknown	undefined GdipCreateBitmapFromStream()
0041eb20	GDIPLUS.DLL::GdipCreateBitmapFromStreamICM	6	true	false	unknown	undefined GdipCreateBitmapFromStreamICM()
0041eb26	GDIPLUS.DLL::GdipCreateHBITMAPFromBitmap	6	true	false	unknown	undefined GdipCreateHBITMAPFromBitmap()
0041eb2c	GDIPLUS.DLL::GdiplusStartup	6	true	false	unknown	undefined GdiplusStartup()
0041eb32	GDIPLUS.DLL::GdiplusShutdown	6	true	false	unknown	undefined GdiplusShutdown()
0041eb38	FUN_0041eb38	77	false	false	__cdecl	undefined FUN_0041eb38(size_t param_1)
0041eb68	FUN_0041eb68	14	false	false	__cdecl	undefined FUN_0041eb68(void * param_1)
0041eb78	FUN_0041eb78	31	false	false	__stdcall	undefined FUN_0041eb78(void)
0041eba0	__alldiv	170	false	false	__stdcall	undefined8 __alldiv(uint param_1, uint param_2, uint param_3, uint param_4)
0041ec50	__alloca_probe	43	false	false	__stdcall	undefined __alloca_probe(void)
0041ec7b	`eh_vector_constructor_iterator'	90	false	false	__stdcall	void `eh_vector_constructor_iterator'(void * param_1, uint param_2, uint param_3, _func_void_void_ptr * param_4, _func_void_void_ptr * param_5)
0041ecdb	FUN_0041ecdb	20	false	false	__stdcall	undefined FUN_0041ecdb(void)
0041ecef	`eh_vector_destructor_iterator'	105	false	false	__stdcall	void `eh_vector_destructor_iterator'(void * param_1, uint param_2, uint param_3, _func_void_void_ptr * param_4)
0041ed64	FUN_0041ed64	16	false	false	__stdcall	undefined FUN_0041ed64(void)
0041ed74	__ArrayUnwind	76	false	false	__stdcall	void __ArrayUnwind(void * param_1, uint param_2, uint param_3, _func_void_void_ptr * param_4)
0041ee10	__aullshr	31	false	false	__fastcall	ulonglong __aullshr(byte param_1, uint param_2)
0041ee30	FUN_0041ee30	35	false	false	__thiscall	undefined4 * FUN_0041ee30(void * this, byte param_1)
0041ee53	FUN_0041ee53	9	false	false	__cdecl	undefined FUN_0041ee53(size_t param_1)
0041ee5c	FID_conflict:_free	5	true	false	__cdecl	void FID_conflict:_free(void * _Memory)
0041ee61	find_pe_section	68	false	false	__cdecl	_IMAGE_SECTION_HEADER * find_pe_section(uchar * param_1, uint param_2)
0041eea5	___scrt_acquire_startup_lock	50	false	false	__stdcall	undefined4 ___scrt_acquire_startup_lock(void)
0041eed7	___scrt_initialize_crt	57	false	false	__cdecl	undefined4 ___scrt_initialize_crt(int param_1)
0041ef10	___scrt_initialize_onexit_tables	135	false	false	__cdecl	undefined4 ___scrt_initialize_onexit_tables(int param_1)
0041ef97	___scrt_is_nonwritable_in_current_image	126	false	false	__cdecl	undefined4 ___scrt_is_nonwritable_in_current_image(int param_1)
0041f02b	___scrt_release_startup_lock	29	false	false	__cdecl	int ___scrt_release_startup_lock(char param_1)
0041f048	___scrt_uninitialize_crt	40	false	false	__cdecl	undefined4 ___scrt_uninitialize_crt(char param_1, char param_2)
0041f070	__onexit	45	false	false	__cdecl	_onexit_t __onexit(_onexit_t _Func)
0041f09d	_atexit	21	false	false	__cdecl	int _atexit(_func_4879 * param_1)
0041f0c0	__allshl	31	false	false	__fastcall	longlong __allshl(byte param_1, int param_2)
0041f0e0	__allmul	52	false	false	__stdcall	longlong __allmul(uint param_1, int param_2, uint param_3, int param_4)
0041f120	__allrem	178	false	false	__stdcall	undefined8 __allrem(uint param_1, uint param_2, uint param_3, uint param_4)
0041f1e0	__aulldiv	104	false	false	__stdcall	undefined8 __aulldiv(uint param_1, uint param_2, uint param_3, uint param_4)
0041f250	__aullrem	117	false	false	__stdcall	undefined8 __aullrem(uint param_1, uint param_2, uint param_3, uint param_4)
0041f2c5	FUN_0041f2c5	14	false	false	__cdecl	undefined FUN_0041f2c5(void * param_1)
0041f2e0	FUN_0041f2e0	171	false	false	__stdcall	undefined FUN_0041f2e0(void)
0041f390	FUN_0041f390	8	false	false	__stdcall	undefined4 FUN_0041f390(void)
0041f3a0	FUN_0041f3a0	18	false	false	__stdcall	undefined FUN_0041f3a0(void)
0041f3b2	__scrt_common_main_seh	318	false	false	__cdecl	int __scrt_common_main_seh(void)
0041f530	entry	10	false	false	__stdcall	undefined entry(void)
0041f540	FUN_0041f540	27	false	false	__thiscall	undefined4 * FUN_0041f540(void * this, int param_1)
0041f55b	FUN_0041f55b	24	false	false	__fastcall	undefined4 * FUN_0041f55b(undefined4 * param_1)
0041f580	FUN_0041f580	45	false	false	__thiscall	undefined4 * FUN_0041f580(void * this, byte param_1)
0041f5ad	FUN_0041f5ad	29	false	false	__stdcall	undefined FUN_0041f5ad(void)
0041f5e7	FID_conflict:_free	5	true	false	__cdecl	void FID_conflict:_free(void * _Memory)
0041f5f0	__SEH_prolog4	69	false	false	__cdecl	undefined __SEH_prolog4(undefined4 param_1, int param_2)
0041f640	__SEH_epilog4	20	false	false	__stdcall	undefined __SEH_epilog4(void)
0041f654	FUN_0041f654	468	false	false	__stdcall	undefined4 FUN_0041f654(void)
0041f828	FUN_0041f828	4	false	false	__stdcall	undefined4 FUN_0041f828(void)
0041f82c	___scrt_is_ucrt_dll_in_use	12	false	false	__stdcall	bool ___scrt_is_ucrt_dll_in_use(void)
0041f838	FUN_0041f838	283	false	false	__stdcall	undefined FUN_0041f838(void)
0041f953	___scrt_get_show_window_mode	49	false	false	__stdcall	WORD ___scrt_get_show_window_mode(void)
0041f984	thunk_FUN_0041f990	5	true	false	__stdcall	undefined4 thunk_FUN_0041f990(void)
0041f990	FUN_0041f990	3	false	false	__stdcall	undefined4 FUN_0041f990(void)
0041f993	FUN_0041f993	66	false	false	__stdcall	uint FUN_0041f993(void)
0041f9d5	FUN_0041f9d5	12	false	false	__stdcall	undefined FUN_0041f9d5(void)
0041f9f0	___scrt_unhandled_exception_filter@4	86	false	false	__stdcall	undefined4 ___scrt_unhandled_exception_filter@4(int * param_1)
0041fa46	FUN_0041fa46	8	false	false	__stdcall	undefined FUN_0041fa46(void)
0041fa4e	___get_entropy	77	false	false	__stdcall	uint ___get_entropy(void)
0041fa9b	___security_init_cookie	75	false	false	__cdecl	void ___security_init_cookie(void)
0041fae6	FUN_0041fae6	6	false	false	__stdcall	undefined4 FUN_0041fae6(void)
0041faec	FUN_0041faec	12	false	false	__stdcall	undefined FUN_0041faec(void)
0041fb00	FUN_0041fb00	3	false	false	__stdcall	undefined1 FUN_0041fb00(void)
0041fb03	__initialize_default_precision	33	false	false	__stdcall	undefined __initialize_default_precision(void)
0041fb24	FUN_0041fb24	6	false	false	__stdcall	undefined * FUN_0041fb24(void)
0041fb2a	FUN_0041fb2a	29	false	false	__stdcall	undefined FUN_0041fb2a(void)
0041fb47	FUN_0041fb47	12	false	false	__stdcall	bool FUN_0041fb47(void)
0041fb53	FUN_0041fb53	6	false	false	__stdcall	undefined * FUN_0041fb53(void)
0041fb59	FUN_0041fb59	6	false	false	__stdcall	undefined * FUN_0041fb59(void)
0041fb5f	FUN_0041fb5f	44	false	false	__stdcall	undefined FUN_0041fb5f(void)
0041fb90	FUN_0041fb90	44	false	false	__stdcall	undefined FUN_0041fb90(void)
0041fbbc	FUN_0041fbbc	14	false	false	__fastcall	undefined FUN_0041fbbc(int param_1)
0041fbca	FUN_0041fbca	40	false	false	__cdecl	undefined FUN_0041fbca(_EXCEPTION_POINTERS * param_1)
0041fbf2	FUN_0041fbf2	250	false	false	__stdcall	undefined FUN_0041fbf2(void)
0041fcf0	_com_issue_error	30	false	false	__stdcall	void _com_issue_error(long param_1)
0041fd10	ConvertStringToBSTR	366	false	false	__stdcall	undefined ConvertStringToBSTR(LPCSTR param_1)
0041fea0	_com_error::_com_error	63	false	false	__thiscall	undefined _com_error(_com_error * this, _com_error * param_1)
0041fee0	_com_error::_com_error	66	false	false	__thiscall	undefined _com_error(_com_error * this, long param_1, IErrorInfo * param_2, bool param_3)
0041ff30	_com_error::~_com_error	50	false	false	__thiscall	void ~_com_error(_com_error * this)
0041ff70	_com_error::`scalar_deleting_destructor'	75	false	false	__thiscall	void * `scalar_deleting_destructor'(_com_error * this, uint param_1)
0041ffc0	_com_raise_error	37	false	false	__stdcall	void _com_raise_error(long param_1, IErrorInfo * param_2)
0041fff0	_memset	346	false	false	__cdecl	void * _memset(void * _Dst, int _Val, size_t _Size)
00420150	___DestructExceptionObject	142	false	false	__cdecl	undefined ___DestructExceptionObject(int * param_1)
004201f1	_CallMemberFunction0	13	false	false	__stdcall	void _CallMemberFunction0(void * param_1, void * param_2)
004201fe	_FilterSetCurrentException	88	false	false	__cdecl	ulong _FilterSetCurrentException(_EXCEPTION_POINTERS * param_1, uchar param_2)
00420256	__IsExceptionObjectToBeDestroyed	38	false	false	__cdecl	undefined4 __IsExceptionObjectToBeDestroyed(int param_1)
0042027c	___AdjustPointer	37	false	false	__cdecl	int ___AdjustPointer(int param_1, int * param_2)
004202a1	___FrameUnwindFilter	86	false	false	__cdecl	undefined4 ___FrameUnwindFilter(undefined4 * param_1)
004202f7	FUN_004202f7	9	false	false	__stdcall	int FUN_004202f7(void)
00420300	FUN_00420300	9	false	false	__stdcall	int FUN_00420300(void)
00420310	Unwind@00420310	5	true	false	__cdecl	undefined Unwind@00420310(void)
00420320	FUN_00420320	1330	false	false	__cdecl	ulonglong FUN_00420320(uint * param_1, uint * param_2, uint param_3)
00420894	__FrameHandler3::GetRangeOfTrysToCheck	111	false	false	__cdecl	pair<class___FrameHandler3::TryBlockMap::iterator,class___FrameHandler3::TryBlockMap::iterator> GetRangeOfTrysToCheck(TryBlockMap * param_1, int param_2, void * param_3, _s_FuncInfo * param_4, int param_5)
00420904	FUN_00420904	93	false	false	__cdecl	undefined4 FUN_00420904(undefined4 param_1, undefined4 param_2, undefined4 param_3, int param_4, int param_5)
00420961	FUN_00420961	246	false	false	__cdecl	undefined4 FUN_00420961(int * param_1, undefined4 * param_2, undefined4 param_3, undefined4 param_4, undefined4 param_5, undefined4 param_6, undefined4 param_7)
00420a57	_JumpToContinuation	43	false	false	__stdcall	void _JumpToContinuation(void * param_1, EHRegistrationNode * param_2)
00420a87	_UnwindNestedFrames	83	false	false	__stdcall	void _UnwindNestedFrames(EHRegistrationNode * param_1, EHExceptionRecord * param_2)
00420ada	__CatchGuardHandler	49	false	false	__cdecl	undefined __CatchGuardHandler(EHExceptionRecord * param_1, EHRegistrationNode * param_2, _CONTEXT * param_3)
00420b0b	__CreateFrameInfo	36	false	false	__cdecl	undefined4 * __CreateFrameInfo(undefined4 * param_1, undefined4 param_2)
00420b2f	__FindAndUnlinkFrame	71	false	false	__cdecl	undefined __FindAndUnlinkFrame(int param_1)
00420b77	__TranslatorGuardHandler	152	false	false	__cdecl	undefined4 __TranslatorGuardHandler(EHExceptionRecord * param_1, EHRegistrationNode * param_2, _CONTEXT * param_3)
00420c14	FID_conflict:___CxxFrameHandler3	54	false	false	__cdecl	_EXCEPTION_DISPOSITION FID_conflict:___CxxFrameHandler3(EHExceptionRecord * param_1, EHRegistrationNode * param_2, _CONTEXT * param_3, void * param_4)
00420c4a	FUN_00420c4a	5627	false	false	__cdecl	int FUN_00420c4a(uint * param_1, uint * param_2, int param_3)
004222c6	FUN_004222c6	199	false	false	__cdecl	ushort * FUN_004222c6(ushort * param_1, ushort param_2)
0042238d	__CxxThrowException@8	108	false	false	__stdcall	undefined __CxxThrowException@8(int * param_1, byte * param_2)
004223f9	FUN_004223f9	628	false	false	__cdecl	undefined1[16] * FUN_004223f9(undefined1[16] * param_1, undefined1[16] * param_2)
00422670	FUN_00422670	299	false	false	__cdecl	uint * FUN_00422670(uint * param_1, char param_2)
0042279b	FUN_0042279b	161	false	false	__cdecl	undefined1[16] * FUN_0042279b(undefined1[16] * param_1, ushort param_2)
0042283c	___std_exception_copy	99	false	false	__cdecl	undefined ___std_exception_copy(undefined4 * param_1, undefined4 * param_2)
0042289f	___std_exception_destroy	31	false	false	__cdecl	undefined ___std_exception_destroy(undefined4 * param_1)
004228c0	_ValidateLocalCookies	50	false	false	__cdecl	undefined _ValidateLocalCookies(int * param_1, int param_2)
00422900	__except_handler4	350	false	false	__cdecl	undefined4 __except_handler4(PEXCEPTION_RECORD param_1, PVOID param_2, int param_3)
00422a5e	___vcrt_initialize	31	false	false	__stdcall	undefined4 ___vcrt_initialize(void)
00422a7d	___vcrt_uninitialize	23	false	false	__cdecl	undefined4 ___vcrt_uninitialize(char param_1)
00422a94	___std_type_info_compare	60	false	false	__cdecl	uint ___std_type_info_compare(int param_1, int param_2)
00422ad0	FUN_00422ad0	28	false	false	__stdcall	undefined FUN_00422ad0(undefined * param_1)
00422aec	___vcrt_getptd	14	false	false	__stdcall	undefined ___vcrt_getptd(void)
00422afa	___vcrt_getptd_noexit	146	false	false	__stdcall	LPVOID ___vcrt_getptd_noexit(void)
00422b8c	___vcrt_initialize_ptd	51	false	false	__stdcall	undefined4 ___vcrt_initialize_ptd(void)
00422bbf	___vcrt_uninitialize_ptd	27	false	false	__stdcall	undefined4 ___vcrt_uninitialize_ptd(void)
00422bda	BuildCatchObjectHelperInternal<class___FrameHandler3>	308	false	false	__cdecl	int BuildCatchObjectHelperInternal<class___FrameHandler3>(EHExceptionRecord * param_1, void * param_2, _s_HandlerType * param_3, _s_CatchableType * param_4)
00422d18	BuildCatchObjectInternal<class___FrameHandler3>	140	false	false	__cdecl	void BuildCatchObjectInternal<class___FrameHandler3>(EHExceptionRecord * param_1, void * param_2, _s_HandlerType * param_3, _s_CatchableType * param_4)
00422db1	CatchIt<class___FrameHandler3>	128	false	false	__cdecl	void CatchIt<class___FrameHandler3>(EHExceptionRecord * param_1, EHRegistrationNode * param_2, _CONTEXT * param_3, void * param_4, _s_FuncInfo * param_5, _s_HandlerType * param_6, _s_CatchableType * param_7, _s_TryBlockMapEntry * param_8, int param_9, EHRegistrationNode * param_10, uchar param_11, uchar param_12)
00422e31	FUN_00422e31	932	false	false	__cdecl	undefined FUN_00422e31(EHExceptionRecord * param_1, EHRegistrationNode * param_2, _CONTEXT * param_3, _s_FuncInfo * param_4, _s_FuncInfo * param_5, uchar param_6, int param_7, EHRegistrationNode * param_8)
004231d6	FindHandlerForForeignException<class___FrameHandler3>	309	false	false	__cdecl	void FindHandlerForForeignException<class___FrameHandler3>(EHExceptionRecord * param_1, EHRegistrationNode * param_2, _CONTEXT * param_3, void * param_4, _s_FuncInfo * param_5, int param_6, int param_7, EHRegistrationNode * param_8)
0042330c	FID_conflict:___TypeMatch	142	false	false	__cdecl	undefined4 FID_conflict:___TypeMatch(byte * param_1, byte * param_2, byte * param_3)
0042339a	__InternalCxxFrameHandler<class___FrameHandler3>	258	false	false	__cdecl	_EXCEPTION_DISPOSITION __InternalCxxFrameHandler<class___FrameHandler3>(EHExceptionRecord * param_1, EHRegistrationNode * param_2, _CONTEXT * param_3, void * param_4, _s_FuncInfo * param_5, int param_6, EHRegistrationNode * param_7, uchar param_8)
004234a0	FUN_004234a0	27	false	false	__thiscall	undefined4 * FUN_004234a0(void * this, int param_1)
004234bb	FUN_004234bb	24	false	false	__fastcall	undefined4 * FUN_004234bb(undefined4 * param_1)
004234d3	type_info::operator==	31	false	false	__thiscall	bool operator==(type_info * this, type_info * param_1)
004234f2	FUN_004234f2	177	false	false	__cdecl	undefined4 FUN_004234f2(int param_1, int param_2, undefined4 param_3, undefined4 param_4, undefined4 param_5, int param_6, int param_7)
00423645	FUN_00423645	124	false	false	__stdcall	undefined FUN_00423645(void)
004236c1	FUN_004236c1	32	false	false	__stdcall	undefined FUN_004236c1(undefined4 param_1)
004236e1	Catch_All@004236e1	25	false	false	__stdcall	undefined Catch_All@004236e1(void)
00423700	ExFilterRethrow	74	false	false	__cdecl	int ExFilterRethrow(_EXCEPTION_POINTERS * param_1)
0042374a	__FrameHandler3::FrameUnwindToEmptyState	24	false	false	__cdecl	void FrameUnwindToEmptyState(EHRegistrationNode * param_1, void * param_2, _s_FuncInfo * param_3)
00423762	__FrameHandler3::FrameUnwindToState	195	false	false	__cdecl	void FrameUnwindToState(EHRegistrationNode * param_1, void * param_2, _s_FuncInfo * param_3, int param_4)
00423830	FUN_00423830	20	false	false	__stdcall	undefined FUN_00423830(void)
0042384a	FUN_0042384a	153	false	false	__cdecl	undefined4 FUN_0042384a(int param_1, int * param_2)
004238e4	_CallMemberFunction1	16	false	false	__stdcall	void _CallMemberFunction1(void * param_1, void * param_2, void * param_3)
004238f4	_CallMemberFunction2	19	false	false	__stdcall	void _CallMemberFunction2(void * param_1, void * param_2, void * param_3, int param_4)
00423907	FUN_00423907	11	false	false	__cdecl	undefined4 FUN_00423907(int param_1)
00423920	__CallSettingFrame@12	76	false	false	__stdcall	undefined __CallSettingFrame@12(undefined4 param_1, undefined4 param_2, int param_3)
0042396c	___except_validate_context_record	48	false	false	__cdecl	undefined ___except_validate_context_record(int param_1)
004239a0	FUN_004239a0	159	false	false	__cdecl	undefined FUN_004239a0(uint * param_1, int param_2, uint param_3)
00423a40	FUN_00423a40	70	false	false	__cdecl	undefined4 FUN_00423a40(int param_1, uint param_2, undefined4 param_3, uint * param_4)
00423a90	_EH4_CallFilterFunc	23	false	false	__fastcall	undefined _EH4_CallFilterFunc(undefined * param_1)
00423ab0	_EH4_TransferToHandler	25	false	false	__fastcall	undefined _EH4_TransferToHandler(undefined * UNRECOVERED_JUMPTABLE)
00423ad0	_EH4_GlobalUnwind2	26	false	false	__fastcall	undefined _EH4_GlobalUnwind2(PVOID param_1, PEXCEPTION_RECORD param_2)
00423af0	_EH4_LocalUnwind	23	false	false	__fastcall	undefined _EH4_LocalUnwind(int param_1, uint param_2, undefined4 param_3, uint * param_4)
00423b07	___vcrt_initialize_locks	60	false	false	__stdcall	undefined4 ___vcrt_initialize_locks(void)
00423b43	___vcrt_uninitialize_locks	47	false	false	__stdcall	undefined4 ___vcrt_uninitialize_locks(void)
00423b72	try_get_first_available_module	155	false	false	__cdecl	HINSTANCE__ * try_get_first_available_module(module_id * param_1, module_id * param_2)
00423c0d	try_get_function	74	false	false	__cdecl	void * try_get_function(function_id param_1, char * param_2, module_id * param_3, module_id * param_4)
00423c57	___vcrt_FlsAlloc	59	false	false	__cdecl	undefined ___vcrt_FlsAlloc(undefined4 param_1)
00423c92	___vcrt_FlsFree	59	false	false	__cdecl	undefined ___vcrt_FlsFree(DWORD param_1)
00423ccd	___vcrt_FlsGetValue	59	false	false	__cdecl	undefined ___vcrt_FlsGetValue(DWORD param_1)
00423d08	___vcrt_FlsSetValue	62	false	false	__cdecl	undefined ___vcrt_FlsSetValue(DWORD param_1, LPVOID param_2)
00423d46	___vcrt_InitializeCriticalSectionEx	71	false	false	__cdecl	undefined ___vcrt_InitializeCriticalSectionEx(LPCRITICAL_SECTION param_1, DWORD param_2, undefined4 param_3)
00423d8d	unexpected	29	false	false	__cdecl	undefined unexpected(void)
00423daa	__FrameHandler3::GetCurrentState	29	false	false	__cdecl	int GetCurrentState(EHRegistrationNode * param_1, void * param_2, _s_FuncInfo * param_3)
00423dc7	__FrameHandler3::SetState	14	false	false	__cdecl	void SetState(EHRegistrationNode * param_1, _s_FuncInfo * param_2, int param_3)
00423de0	FUN_00423de0	12	false	false	__fastcall	undefined4 FUN_00423de0(undefined4 param_1)
00423df0	__NLG_Notify	31	false	false	__stdcall	void __NLG_Notify(ulong param_1)
00423e10	FUN_00423e10	3	false	false	__stdcall	undefined FUN_00423e10(void)
00423e13	_wcslen	27	false	false	__cdecl	size_t _wcslen(wchar_t * _Str)
00423e2e	FID_conflict:_free	5	true	false	__cdecl	void FID_conflict:_free(void * _Memory)
00423e33	FUN_00423e33	11	false	false	__stdcall	undefined FUN_00423e33(size_t param_1)
00423e3e	FUN_00423e3e	11	false	false	__stdcall	undefined FUN_00423e3e(void * param_1, uint param_2)
00423e49	_wcscmp	64	false	false	__cdecl	int _wcscmp(wchar_t * _Str1, wchar_t * _Str2)
00423e90	_strlen	139	false	false	__cdecl	size_t _strlen(char * _Str)
00423f1b	common_vsprintf<class___crt_stdio_output::standard_base,char>	380	false	false	__cdecl	int common_vsprintf<class___crt_stdio_output::standard_base,char>(__uint64 param_1, char * param_2, uint param_3, char * param_4, __crt_locale_pointers * param_5, char * param_6)
00424097	common_vsprintf<class___crt_stdio_output::standard_base,wchar_t>	389	false	false	__cdecl	int common_vsprintf<class___crt_stdio_output::standard_base,wchar_t>(__uint64 param_1, wchar_t * param_2, uint param_3, wchar_t * param_4, __crt_locale_pointers * param_5, char * param_6)
0042421c	__crt_stdio_output::formatting_buffer::count<char>	24	false	false	__thiscall	uint count<char>(formatting_buffer * this)
00424234	__crt_stdio_output::formatting_buffer::ensure_buffer_is_big_enough<char>	134	false	false	__thiscall	bool ensure_buffer_is_big_enough<char>(formatting_buffer * this, uint param_1)
004242ba	__crt_stdio_output::is_wide_character_specifier<char>	64	false	false	__cdecl	bool is_wide_character_specifier<char>(__uint64 param_1, char param_2, length_modifier param_3)
004242fa	__crt_stdio_output::is_wide_character_specifier<wchar_t>	79	false	false	__cdecl	bool is_wide_character_specifier<wchar_t>(__uint64 param_1, wchar_t param_2, length_modifier param_3)
00424349	__crt_stdio_output::formatting_buffer::scratch_data<char>	30	false	false	__thiscall	char * scratch_data<char>(formatting_buffer * this)
00424367	type_case_integer_parse_into_buffer<>	117	false	false	__thiscall	undefined type_case_integer_parse_into_buffer<>(void * this, uint param_1, uint param_2, char param_3)
004243dc	type_case_integer_parse_into_buffer<>	136	false	false	__thiscall	undefined type_case_integer_parse_into_buffer<>(void * this, longlong param_1, uint param_2, char param_3)
00424464	__crt_stdio_output::write_multiple_characters<class___crt_stdio_output::string_output_adapter<char>,char>	44	false	false	__cdecl	void write_multiple_characters<class___crt_stdio_output::string_output_adapter<char>,char>(string_output_adapter<char> * param_1, char param_2, int param_3, int * param_4)
00424490	__crt_stdio_output::write_multiple_characters<class___crt_stdio_output::string_output_adapter<wchar_t>,char>	49	false	false	__cdecl	void write_multiple_characters<class___crt_stdio_output::string_output_adapter<wchar_t>,char>(string_output_adapter<wchar_t> * param_1, char param_2, int param_3, int * param_4)
004244c1	__crt_stdio_output::common_data<char>::common_data<char>	71	false	false	__thiscall	undefined common_data<char>(common_data<char> * this)
00424508	__crt_stdio_output::common_data<wchar_t>::common_data<wchar_t>	76	false	false	__thiscall	undefined common_data<wchar_t>(common_data<wchar_t> * this)
00424554	output_adapter_data<>	60	false	false	__thiscall	common_data<char> * output_adapter_data<>(void * this, undefined4 * param_1, undefined4 param_2, undefined4 param_3, undefined4 param_4, undefined4 param_5, undefined4 param_6)
00424590	output_adapter_data<>	60	false	false	__thiscall	common_data<wchar_t> * output_adapter_data<>(void * this, undefined4 * param_1, undefined4 param_2, undefined4 param_3, undefined4 param_4, undefined4 param_5, undefined4 param_6)
004245cc	output_processor<>	53	false	false	__thiscall	void * output_processor<>(void * this, undefined4 * param_1, undefined4 param_2, undefined4 param_3, undefined4 param_4, undefined4 param_5, undefined4 param_6)
00424601	output_processor<>	53	false	false	__thiscall	void * output_processor<>(void * this, undefined4 * param_1, undefined4 param_2, undefined4 param_3, undefined4 param_4, undefined4 param_5, undefined4 param_6)
00424636	_LocaleUpdate::_LocaleUpdate	131	false	false	__thiscall	undefined _LocaleUpdate(_LocaleUpdate * this, __crt_locale_pointers * param_1)
004246b9	__crt_stdio_output::formatting_buffer::~formatting_buffer	26	false	false	__thiscall	void ~formatting_buffer(formatting_buffer * this)
004246d3	__crt_unique_heap_ptr<char,struct___crt_internal_free_policy>::operator=	36	false	false	__thiscall	__crt_unique_heap_ptr<char,struct___crt_internal_free_policy> * operator=(__crt_unique_heap_ptr<char,struct___crt_internal_free_policy> * this, __crt_unique_heap_ptr<char,struct___crt_internal_free_policy> * param_1)
004246f7	__crt_stdio_output::crop_zeroes	87	false	false	__cdecl	void crop_zeroes(char * param_1, __crt_locale_pointers * param_2)
0042474e	find_next_state	50	false	false	__stdcall	byte find_next_state(char param_1, int param_2)
00424780	find_next_state	52	false	false	__stdcall	byte find_next_state(ushort param_1, int param_2)
004247b4	__crt_stdio_output::force_decimal_point	92	false	false	__cdecl	void force_decimal_point(char * param_1, __crt_locale_pointers * param_2)
00424810	parse_int_from_format_string	92	false	false	__thiscall	undefined4 parse_int_from_format_string(void * this, long * param_1)
0042486c	parse_int_from_format_string	94	false	false	__thiscall	undefined4 parse_int_from_format_string(void * this, long * param_1)
004248ca	__crt_stdio_output::output_processor<char,class___crt_stdio_output::string_output_adapter<char>,class___crt_stdio_output::standard_base<char,class___crt_stdio_output::string_output_adapter<char>_>_>::process	249	false	false	__thiscall	int process(output_processor<char,class___crt_stdio_output::string_output_adapter<char>,class___crt_stdio_output::standard_base<char,class___crt_stdio_output::string_output_adapter<char>_>_> * this)
004249e6	__crt_stdio_output::output_processor<wchar_t,class___crt_stdio_output::string_output_adapter<wchar_t>,class___crt_stdio_output::standard_base<wchar_t,class___crt_stdio_output::string_output_adapter<wchar_t>_>_>::process	254	false	false	__thiscall	int process(output_processor<wchar_t,class___crt_stdio_output::string_output_adapter<wchar_t>,class___crt_stdio_output::standard_base<wchar_t,class___crt_stdio_output::string_output_adapter<wchar_t>_>_> * this)
00424b06	state_case_flag	61	false	false	__fastcall	undefined4 state_case_flag(int param_1)
00424b43	state_case_flag	61	false	false	__fastcall	undefined4 state_case_flag(int param_1)
00424b80	state_case_normal	31	false	false	__fastcall	undefined4 state_case_normal(int param_1)
00424b9f	state_case_normal	31	false	false	__fastcall	undefined4 state_case_normal(int param_1)
00424bbe	state_case_normal_common	42	false	false	__fastcall	uint state_case_normal_common(int param_1)
00424be8	state_case_normal_common	27	false	false	__fastcall	undefined1 state_case_normal_common(int param_1)
00424c03	state_case_normal_tchar	97	false	false	__fastcall	uint state_case_normal_tchar(int param_1)
00424c64	state_case_precision	40	false	false	__fastcall	undefined4 state_case_precision(void * param_1)
00424c8c	state_case_precision	41	false	false	__fastcall	undefined4 state_case_precision(void * param_1)
00424cb5	state_case_size	361	false	false	__fastcall	bool state_case_size(output_processor<char,class___crt_stdio_output::string_output_adapter<char>,class___crt_stdio_output::standard_base<char,class___crt_stdio_output::string_output_adapter<char>_>_> * param_1)
00424e1e	state_case_size	380	false	false	__fastcall	bool state_case_size(output_processor<wchar_t,class___crt_stdio_output::string_output_adapter<wchar_t>,class___crt_stdio_output::standard_base<wchar_t,class___crt_stdio_output::string_output_adapter<wchar_t>_>_> * param_1)
00424f9a	__crt_stdio_output::output_processor<char,class___crt_stdio_output::string_output_adapter<char>,class___crt_stdio_output::standard_base<char,class___crt_stdio_output::string_output_adapter<char>_>_>::state_case_type	559	false	false	__thiscall	bool state_case_type(output_processor<char,class___crt_stdio_output::string_output_adapter<char>,class___crt_stdio_output::standard_base<char,class___crt_stdio_output::string_output_adapter<char>_>_> * this)
004251c9	__crt_stdio_output::output_processor<wchar_t,class___crt_stdio_output::string_output_adapter<wchar_t>,class___crt_stdio_output::standard_base<wchar_t,class___crt_stdio_output::string_output_adapter<wchar_t>_>_>::state_case_type	605	false	false	__thiscall	bool state_case_type(output_processor<wchar_t,class___crt_stdio_output::string_output_adapter<wchar_t>,class___crt_stdio_output::standard_base<wchar_t,class___crt_stdio_output::string_output_adapter<wchar_t>_>_> * this)
00425426	state_case_width	43	false	false	__fastcall	undefined4 state_case_width(void * param_1)
00425451	state_case_width	44	false	false	__fastcall	undefined4 state_case_width(void * param_1)
0042547d	__crt_stdio_output::to_integer_size	42	false	false	__cdecl	uint to_integer_size(length_modifier param_1)
004254d9	type_case_Z	99	false	false	__fastcall	undefined4 type_case_Z(__uint64 * param_1)
0042553c	type_case_Z	99	false	false	__fastcall	undefined4 type_case_Z(__uint64 * param_1)
0042559f	type_case_a	346	false	false	__fastcall	undefined4 type_case_a(uint * param_1)
004256f9	type_case_a	370	false	false	__fastcall	undefined4 type_case_a(uint * param_1)
0042586b	type_case_c_tchar	144	false	false	__fastcall	undefined4 type_case_c_tchar(__uint64 * param_1)
004258fb	type_case_c_tchar	152	false	false	__fastcall	undefined4 type_case_c_tchar(__uint64 * param_1)
00425993	type_case_integer	330	false	false	__thiscall	uint type_case_integer(void * this, uint param_1, char param_2)
00425add	type_case_n	116	false	false	__fastcall	uint type_case_n(int param_1)
00425b51	type_case_o	31	false	false	__fastcall	undefined type_case_o(void * param_1)
00425b70	type_case_p	24	false	false	__fastcall	undefined type_case_p(void * param_1)
00425b88	type_case_s	115	false	false	__fastcall	undefined4 type_case_s(__uint64 * param_1)
00425bfb	type_case_s	116	false	false	__fastcall	undefined4 type_case_s(__uint64 * param_1)
00425c6f	type_case_s_compute_narrow_string_length	64	false	false	__thiscall	int type_case_s_compute_narrow_string_length(void * this, int param_1)
00425caf	__crt_strtox::c_string_character_source<wchar_t>::validate	27	false	false	__thiscall	bool validate(c_string_character_source<wchar_t> * this)
00425cca	__crt_stdio_output::string_output_adapter<char>::write_character	66	false	false	__thiscall	bool write_character(string_output_adapter<char> * this, char param_1, int * param_2)
00425d0c	__crt_stdio_output::string_output_adapter<wchar_t>::write_character	69	false	false	__thiscall	bool write_character(string_output_adapter<wchar_t> * this, wchar_t param_1, int * param_2)
00425d51	write_stored_string_tchar	167	false	false	__fastcall	undefined write_stored_string_tchar(int param_1)
00425df8	write_stored_string_tchar	139	false	false	__fastcall	undefined4 write_stored_string_tchar(uint param_1)
00425e83	__crt_stdio_output::string_output_adapter<char>::write_string	147	false	false	__thiscall	void write_string(string_output_adapter<char> * this, char * param_1, int param_2, int * param_3, int * param_4)
00425f16	__crt_stdio_output::string_output_adapter<wchar_t>::write_string	154	false	false	__thiscall	void write_string(string_output_adapter<wchar_t> * this, wchar_t * param_1, int param_2, int * param_3, int * param_4)
00425fb0	___stdio_common_vsprintf	36	false	false	__cdecl	undefined ___stdio_common_vsprintf(undefined4 param_1, undefined4 param_2, char * param_3, uint param_4, char * param_5, __crt_locale_pointers * param_6, char * param_7)
00425fd4	___stdio_common_vswprintf	36	false	false	__cdecl	undefined ___stdio_common_vswprintf(undefined4 param_1, undefined4 param_2, wchar_t * param_3, uint param_4, wchar_t * param_5, __crt_locale_pointers * param_6, char * param_7)
00426000	___acrt_initialize_clock	102	false	false	__stdcall	undefined4 ___acrt_initialize_clock(void)
00426066	_wcscpy	34	false	false	__cdecl	wchar_t * _wcscpy(wchar_t * _Dest, wchar_t * _Source)
00426088	_wcsncmp	58	false	false	__cdecl	int _wcsncmp(wchar_t * _Str1, wchar_t * _Str2, size_t _MaxCount)
004260c2	_wcsncpy	67	false	false	__cdecl	wchar_t * _wcsncpy(wchar_t * _Dest, wchar_t * _Source, size_t _Count)
00426105	_wcspbrk	69	false	false	__cdecl	wchar_t * _wcspbrk(wchar_t * _Str, wchar_t * _Control)
0042614a	FUN_0042614a	15	false	false	__cdecl	int FUN_0042614a(uint param_1)
00426159	_bsearch	214	false	false	__cdecl	void * _bsearch(void * _Key, void * _Base, size_t _NumOfElements, size_t _SizeOfElements, _PtFuncCompare * _PtFuncCompare)
00426230	shortsort	147	false	false	__cdecl	void shortsort(char * param_1, char * param_2, uint param_3, _func_int_void_ptr_void_ptr * param_4)
004262d0	swap	57	false	false	__cdecl	void swap(char * param_1, char * param_2, uint param_3)
00426310	_qsort	916	false	false	__cdecl	void _qsort(void * _Base, size_t _NumOfElements, size_t _SizeOfElements, _PtFuncCompare * _PtFuncCompare)
004266b0	_strcmp	133	false	false	__cdecl	int _strcmp(char * _Str1, char * _Str2)
00426740	_strncmp	115	false	false	__cdecl	int _strncmp(char * _Str1, char * _Str2, size_t _MaxCount)
004267c0	_strncpy	292	false	false	__cdecl	char * _strncpy(char * _Dest, char * _Source, size_t _Count)
004268e4	__byteswap_ulong	45	false	false	__cdecl	ulong __byteswap_ulong(ulong _Long)
00426911	FUN_00426911	295	false	false	__cdecl	uint FUN_00426911(char * param_1, uint param_2)
00426a38	FUN_00426a38	439	false	false	__cdecl	uint FUN_00426a38(short * param_1, uint param_2)
00426bef	__crt_strtox::is_overflow_condition<unsigned_long>	51	false	false	__cdecl	bool is_overflow_condition<unsigned_long>(uint param_1, ulong param_2)
00426c22	make_c_string_character_source<>	27	false	false	__cdecl	undefined make_c_string_character_source<>(undefined4 * param_1, undefined4 param_2, undefined4 * param_3)
00426c3d	__crt_strtox::parse_integer<unsigned_long,class___crt_strtox::c_string_character_source<char>_>	552	false	false	__cdecl	ulong parse_integer<unsigned_long,class___crt_strtox::c_string_character_source<char>_>(__crt_locale_pointers * param_1, c_string_character_source<char> param_2, int param_3, bool param_4)
00426e65	__crt_strtox::parse_integer<unsigned_long,class___crt_strtox::c_string_character_source<wchar_t>_>	1765	false	false	__cdecl	ulong parse_integer<unsigned_long,class___crt_strtox::c_string_character_source<wchar_t>_>(__crt_locale_pointers * param_1, c_string_character_source<wchar_t> param_2, int param_3, bool param_4)
0042754a	__crt_strtox::c_string_character_source<char>::unget	40	false	false	__thiscall	void unget(c_string_character_source<char> * this, char param_1)
00427572	__crt_strtox::c_string_character_source<wchar_t>::unget	44	false	false	__thiscall	void unget(c_string_character_source<wchar_t> * this, wchar_t param_1)
0042759e	__chvalidchk_l	42	false	false	__cdecl	ushort __chvalidchk_l(int param_1, ushort param_2, undefined4 * param_3)
004275c8	__ischartype_l	51	false	false	__cdecl	undefined __ischartype_l(int param_1, int param_2, _locale_t param_3)
004275fb	FID_conflict:_atoi	42	false	false	__cdecl	int FID_conflict:_atoi(char * _Str)
00427625	__wcsdup	96	false	false	__cdecl	wchar_t * __wcsdup(wchar_t * _Str)
00427686	_wcscat	49	false	false	__cdecl	wchar_t * _wcscat(wchar_t * _Dest, wchar_t * _Source)
004276b7	common_tox_l<&bool___cdecl_internal_islower_l(int,struct___crt_locale_pointers*_const),&int___cdecl_internal_map_upper(int,struct___crt_locale_pointers*_const)>	330	false	false	__cdecl	int common_tox_l<&bool___cdecl_internal_islower_l(int,struct___crt_locale_pointers*_const),&int___cdecl_internal_map_upper(int,struct___crt_locale_pointers*_const)>(int param_1, ulong param_2, __crt_locale_pointers * param_3)
00427801	common_tox_l<&bool___cdecl_internal_isupper_l(int,struct___crt_locale_pointers*_const),&int___cdecl_internal_map_lower(int,struct___crt_locale_pointers*_const)>	330	false	false	__cdecl	int common_tox_l<&bool___cdecl_internal_isupper_l(int,struct___crt_locale_pointers*_const),&int___cdecl_internal_map_lower(int,struct___crt_locale_pointers*_const)>(int param_1, ulong param_2, __crt_locale_pointers * param_3)
0042794b	internal_islower_l	29	false	false	__cdecl	bool internal_islower_l(int param_1, __crt_locale_pointers * param_2)
00427968	internal_isupper_l	29	false	false	__cdecl	bool internal_isupper_l(int param_1, __crt_locale_pointers * param_2)
00427985	__tolower_l	26	false	false	__cdecl	int __tolower_l(int _C, _locale_t _Locale)
0042799f	__toupper_l	26	false	false	__cdecl	int __toupper_l(int _C, _locale_t _Locale)
004279b9	_tolower	48	false	false	__cdecl	int _tolower(int _C)
004279e9	_toupper	48	false	false	__cdecl	int _toupper(int _C)
00427a19	__crt_state_management::dual_state_global<char**>::initialize	49	false	false	__thiscall	void initialize(dual_state_global<char**> * this, char * * param_1)
00427a4a	FUN_00427a4a	20	false	false	__cdecl	undefined FUN_00427a4a(char * * param_1)
00427a5e	__callnewh	68	false	false	__cdecl	int __callnewh(size_t _Size)
00427aa2	__query_new_handler	70	false	false	__stdcall	uint __query_new_handler(void)
00427aeb	FUN_00427aeb	9	false	false	__stdcall	undefined FUN_00427aeb(void)
00427af4	terminate	52	false	false	__cdecl	undefined terminate(void)
00427b30	__seh_filter_exe	371	false	false	__cdecl	undefined __seh_filter_exe(uint param_1, undefined4 param_2)
00427ca3	__crt_fast_encode_pointer<>	31	false	false	__cdecl	uint __crt_fast_encode_pointer<>(uint param_1)
00427cc2	atexit_exception_filter	19	false	false	__cdecl	int atexit_exception_filter(ulong param_1)
00427cd5	common_exit	261	false	false	__cdecl	void common_exit(int param_1, _crt_exit_cleanup_mode param_2, _crt_exit_return_mode param_3)
00427ddf	FUN_00427ddf	9	false	false	__stdcall	undefined FUN_00427ddf(void)
00427dee	exit_or_terminate_process	64	false	false	__cdecl	void exit_or_terminate_process(uint param_1)
00427e2f	is_managed_app	68	false	false	__cdecl	bool is_managed_app(void)
00427e73	try_cor_exit_process	106	false	false	__cdecl	void try_cor_exit_process(uint param_1)
00427edd	FUN_00427edd	15	false	false	__cdecl	undefined FUN_00427edd(undefined4 param_1)
00427efb	__cexit	15	false	false	__cdecl	void __cexit(void)
00427f0a	__exit	22	false	false	__cdecl	undefined __exit(int param_1)
00427f20	__register_thread_local_exe_atexit_callback	56	false	false	__cdecl	undefined __register_thread_local_exe_atexit_callback(uint param_1)
00427f58	_exit	22	false	false	__cdecl	void _exit(int _Code)
00427f6e	common_configure_argv<char>	292	false	false	__cdecl	int common_configure_argv<char>(_crt_argv_mode param_1)
00428092	parse_command_line<char>	373	false	false	__cdecl	void parse_command_line<char>(char * param_1, char * * param_2, char * param_3, uint * param_4, uint * param_5)
00428207	___acrt_allocate_buffer_for_argv	85	false	false	__cdecl	LPVOID ___acrt_allocate_buffer_for_argv(uint param_1, uint param_2, uint param_3)
0042825c	FUN_0042825c	11	false	false	__cdecl	undefined FUN_0042825c(_crt_argv_mode param_1)
00428267	common_initialize_environment_nolock<char>	89	false	false	__cdecl	int common_initialize_environment_nolock<char>(void)
004282c0	create_environment<char>	208	false	false	__cdecl	char * * create_environment<char>(char * param_1)
00428391	free_environment<char>	47	false	false	__cdecl	void free_environment<char>(char * * param_1)
004283c0	uninitialize<>	64	false	false	__thiscall	undefined uninitialize<>(void * this, undefined * param_1)
00428400	uninitialize_environment_internal<>	27	false	false	__cdecl	undefined uninitialize_environment_internal<>(undefined4 * param_1)
00428420	uninitialize_environment_internal<>	27	false	false	__cdecl	undefined uninitialize_environment_internal<>(undefined4 * param_1)
0042843b	___dcrt_uninitialize_environments_nolock	55	false	false	__stdcall	undefined ___dcrt_uninitialize_environments_nolock(void)
00428472	common_initialize_environment_nolock<char>	5	true	false	__cdecl	int common_initialize_environment_nolock<char>(void)
00428477	__crt_seh_guarded_call<int>::operator()<class_<lambda_800076c951b434888f4765a74a194fcc>,class_<lambda_4e60a939b0d047cfe11ddc22648dfba9>&,class_<lambda_6dbb1268764f43b569ce7b67e331d33a>_>	66	false	false	__thiscall	int operator()<class_<lambda_800076c951b434888f4765a74a194fcc>,class_<lambda_4e60a939b0d047cfe11ddc22648dfba9>&,class_<lambda_6dbb1268764f43b569ce7b67e331d33a>_>(__crt_seh_guarded_call<int> * this, <lambda_800076c951b434888f4765a74a194fcc> * param_1, <lambda_4e60a939b0d047cfe11ddc22648dfba9> * param_2, <lambda_6dbb1268764f43b569ce7b67e331d33a> * param_3)
004284bc	FUN_004284bc	12	false	false	__stdcall	undefined FUN_004284bc(void)
004284c8	__crt_seh_guarded_call<int>::operator()<class_<lambda_995298e7d72eb4c2aab26c0585b3abe5>,class_<lambda_275893d493268fdec8709772e3fcec0e>&,class_<lambda_293819299cbf9a7022e18b56a874bb5c>_>	66	false	false	__thiscall	int operator()<class_<lambda_995298e7d72eb4c2aab26c0585b3abe5>,class_<lambda_275893d493268fdec8709772e3fcec0e>&,class_<lambda_293819299cbf9a7022e18b56a874bb5c>_>(__crt_seh_guarded_call<int> * this, <lambda_995298e7d72eb4c2aab26c0585b3abe5> * param_1, <lambda_275893d493268fdec8709772e3fcec0e> * param_2, <lambda_293819299cbf9a7022e18b56a874bb5c> * param_3)
0042850d	FUN_0042850d	12	false	false	__stdcall	undefined FUN_0042850d(void)
00428519	__acrt_lock_and_call<class_<lambda_275893d493268fdec8709772e3fcec0e>_>	40	false	false	__cdecl	int __acrt_lock_and_call<class_<lambda_275893d493268fdec8709772e3fcec0e>_>(__acrt_lock_id param_1, <lambda_275893d493268fdec8709772e3fcec0e> * param_2)
00428541	__acrt_lock_and_call<class_<lambda_4e60a939b0d047cfe11ddc22648dfba9>_>	40	false	false	__cdecl	int __acrt_lock_and_call<class_<lambda_4e60a939b0d047cfe11ddc22648dfba9>_>(__acrt_lock_id param_1, <lambda_4e60a939b0d047cfe11ddc22648dfba9> * param_2)
00428569	<lambda_275893d493268fdec8709772e3fcec0e>::operator()	288	false	false	__thiscall	int operator()(<lambda_275893d493268fdec8709772e3fcec0e> * this)
00428689	<lambda_4e60a939b0d047cfe11ddc22648dfba9>::operator()	321	false	false	__thiscall	int operator()(<lambda_4e60a939b0d047cfe11ddc22648dfba9> * this)
004287ca	FUN_004287ca	22	false	false	__stdcall	undefined FUN_004287ca(void)
004287e0	__execute_onexit_table	29	false	false	__stdcall	undefined __execute_onexit_table(void)
004287fd	__initialize_onexit_table	61	false	false	__cdecl	undefined4 __initialize_onexit_table(uint * param_1)
0042883a	__register_onexit_function	36	false	false	__stdcall	undefined __register_onexit_function(void)
00428860	FUN_00428860	18	false	false	__stdcall	undefined1 FUN_00428860(void)
00428880	FUN_00428880	26	false	false	__stdcall	undefined4 FUN_00428880(void)
004288a0	FUN_004288a0	8	false	false	__stdcall	undefined1 FUN_004288a0(void)
004288b0	FUN_004288b0	61	false	false	__stdcall	undefined4 FUN_004288b0(void)
004288f0	FUN_004288f0	9	false	false	__stdcall	undefined FUN_004288f0(void)
00428900	FUN_00428900	119	false	false	__stdcall	undefined4 FUN_00428900(void)
00428977	___acrt_initialize	18	false	false	__stdcall	undefined ___acrt_initialize(void)
00428989	___acrt_uninitialize	18	false	false	__stdcall	undefined ___acrt_uninitialize(void)
0042899b	FUN_0042899b	6	false	false	__stdcall	undefined4 FUN_0042899b(void)
004289a1	FUN_004289a1	15	false	false	__cdecl	undefined FUN_004289a1(undefined4 param_1)
004289b0	___acrt_has_user_matherr	25	false	false	__stdcall	bool ___acrt_has_user_matherr(void)
004289c9	FUN_004289c9	20	false	false	__cdecl	undefined FUN_004289c9(char * * param_1)
004289e0	___acrt_invoke_user_matherr	73	false	false	__cdecl	undefined ___acrt_invoke_user_matherr(undefined4 param_1)
00428a29	___setusermatherr	21	false	false	__cdecl	undefined ___setusermatherr(uint param_1)
00428a3e	__get_narrow_winmain_command_line	83	false	false	__stdcall	char * __get_narrow_winmain_command_line(void)
00428a91	__initterm	92	false	false	__cdecl	undefined __initterm(undefined4 * param_1, undefined4 * param_2)
00428aed	__initterm_e	69	false	false	__cdecl	undefined __initterm_e(undefined4 * param_1, undefined4 * param_2)
00428b32	__set_fmode	61	false	false	__cdecl	errno_t __set_fmode(int _Mode)
00428b6f	___acrt_set_locale_changed	11	false	false	__stdcall	undefined4 ___acrt_set_locale_changed(void)
00428b80	___acrt_uninitialize_locale	73	false	false	__stdcall	undefined ___acrt_uninitialize_locale(void)
00428bc9	FUN_00428bc9	9	false	false	__stdcall	undefined FUN_00428bc9(void)
00428bd2	__configthreadlocale	98	false	false	__cdecl	int __configthreadlocale(int _Flag)
00428c34	FUN_00428c34	6	false	false	__stdcall	undefined4 FUN_00428c34(void)
00428c3a	__set_new_mode	47	false	false	__cdecl	undefined4 __set_new_mode(int param_1)
00428c69	FUN_00428c69	6	false	false	__stdcall	undefined * FUN_00428c69(void)
00428c6f	__controlfp_s	95	false	false	__cdecl	errno_t __controlfp_s(uint * _CurrentState, uint _NewValue, uint _Mask)
00428cce	__strdup	85	false	false	__cdecl	char * __strdup(char * _Src)
00428d24	_abort	67	false	false	__cdecl	void _abort(void)
00428d67	_strcpy_s	90	false	false	__cdecl	errno_t _strcpy_s(char * _Dst, rsize_t _SizeInBytes, char * _Src)
00428dc1	FUN_00428dc1	11	false	false	__stdcall	undefined FUN_00428dc1(uint param_1, uint param_2)
00428dcc	FID_conflict:_free	58	false	false	__cdecl	void FID_conflict:_free(void * _Memory)
00428e06	__malloc_base	78	false	false	__cdecl	LPVOID __malloc_base(size_t param_1)
00428e54	__realloc_base	105	false	false	__cdecl	LPVOID __realloc_base(void * param_1, uint param_2)
00428ebd	___acrt_call_reportfault	315	false	false	__cdecl	undefined ___acrt_call_reportfault(int param_1, DWORD param_2, DWORD param_3)
00428ff8	FUN_00428ff8	20	false	false	__cdecl	undefined FUN_00428ff8(char * * param_1)
0042900c	__invalid_parameter	122	false	false	__cdecl	undefined __invalid_parameter(wchar_t * param_1, wchar_t * param_2, wchar_t * param_3, uint param_4, uintptr_t param_5)
00429087	FUN_00429087	16	false	false	__stdcall	undefined FUN_00429087(void)
00429097	__invoke_watson	51	false	false	__cdecl	void __invoke_watson(wchar_t * param_1, wchar_t * param_2, wchar_t * param_3, uint param_4, uintptr_t param_5)
004290ca	__isdigit_l	56	false	false	__cdecl	int __isdigit_l(int _C, _locale_t _Locale)
00429102	_isdigit	45	false	false	__cdecl	int _isdigit(int _C)
0042912f	FID_conflict:___acrt_errno_from_os_error	67	false	false	__cdecl	int FID_conflict:___acrt_errno_from_os_error(ulong param_1)
00429172	___acrt_errno_map_os_error	35	false	false	__cdecl	undefined ___acrt_errno_map_os_error(ulong param_1)
00429195	___doserrno	19	false	false	__cdecl	ulong * ___doserrno(void)
004291a8	__errno	19	false	false	__cdecl	int * __errno(void)
004291bb	_strtol	44	false	false	__cdecl	long _strtol(char * _Str, char * * _EndPtr, int _Radix)
004291e7	_wcstol	44	false	false	__cdecl	long _wcstol(wchar_t * _Str, wchar_t * * _EndPtr, int _Radix)
00429213	__mbtowc_l	250	false	false	__cdecl	int __mbtowc_l(wchar_t * _DstCh, char * _SrcCh, size_t _SrcSizeInBytes, _locale_t _Locale)
0042930d	_mbtowc	26	false	false	__cdecl	int _mbtowc(wchar_t * _DstCh, char * _SrcCh, size_t _SrcSizeInBytes)
00429327	__wctomb_s_l	289	false	false	__cdecl	errno_t __wctomb_s_l(int * _SizeConverted, char * _MbCh, size_t _SizeInBytes, wchar_t _WCh, _locale_t _Locale)
00429448	_wctomb_s	29	false	false	__cdecl	errno_t _wctomb_s(int * _SizeConverted, char * _MbCh, rsize_t _SizeInBytes, wchar_t _WCh)
00429465	operator()<>	68	false	false	__stdcall	undefined operator()<>(int * param_1, undefined4 * param_2)
004294a9	FUN_004294a9	12	false	false	__stdcall	undefined FUN_004294a9(void)
004294b5	operator()<>	85	false	false	__stdcall	undefined operator()<>(int * param_1, undefined4 * param_2)
0042950a	FUN_0042950a	12	false	false	__stdcall	undefined FUN_0042950a(void)
00429516	operator()<>	63	false	false	__stdcall	undefined operator()<>(int * param_1, undefined4 * param_2)
00429555	FUN_00429555	12	false	false	__stdcall	undefined FUN_00429555(void)
00429561	operator()<>	60	false	false	__stdcall	undefined operator()<>(int * param_1, undefined4 * param_2)
0042959d	FUN_0042959d	12	false	false	__stdcall	undefined FUN_0042959d(void)
004295a9	__acrt_lock_and_call<class_<lambda_6250bd4b2a391816dd638c3bf72b0bcb>_>	40	false	false	__cdecl	void __acrt_lock_and_call<class_<lambda_6250bd4b2a391816dd638c3bf72b0bcb>_>(__acrt_lock_id param_1, <lambda_6250bd4b2a391816dd638c3bf72b0bcb> * param_2)
004295d1	__acrt_lock_and_call<class_<lambda_b2ea41f6bbb362cd97d94c6828d90b61>_>	40	false	false	__cdecl	void __acrt_lock_and_call<class_<lambda_b2ea41f6bbb362cd97d94c6828d90b61>_>(__acrt_lock_id param_1, <lambda_b2ea41f6bbb362cd97d94c6828d90b61> * param_2)
004295f9	__acrt_lock_and_call<class_<lambda_be2b3da3f62db62e9dad5dc70221a656>_>	40	false	false	__cdecl	void __acrt_lock_and_call<class_<lambda_be2b3da3f62db62e9dad5dc70221a656>_>(__acrt_lock_id param_1, <lambda_be2b3da3f62db62e9dad5dc70221a656> * param_2)
00429621	__acrt_lock_and_call<class_<lambda_e69574bed617af4e071282c136b37893>_>	40	false	false	__cdecl	void __acrt_lock_and_call<class_<lambda_e69574bed617af4e071282c136b37893>_>(__acrt_lock_id param_1, <lambda_e69574bed617af4e071282c136b37893> * param_2)
00429649	construct_ptd	121	false	false	__cdecl	void construct_ptd(__acrt_ptd * param_1, __crt_locale_data * * param_2)
004296d0	destroy_fls	33	false	false	__stdcall	void destroy_fls(void * param_1)
004296f1	destroy_ptd	169	false	false	__cdecl	void destroy_ptd(__acrt_ptd * param_1)
0042979a	replace_current_thread_locale_nolock	75	false	false	__cdecl	void replace_current_thread_locale_nolock(__acrt_ptd * param_1, __crt_locale_data * param_2)
004297e5	___acrt_getptd	131	false	false	__stdcall	__acrt_ptd * ___acrt_getptd(void)
00429869	___acrt_getptd_noexit	133	false	false	__stdcall	__acrt_ptd * ___acrt_getptd_noexit(void)
004298f0	___acrt_initialize_ptd	44	false	false	__stdcall	undefined4 ___acrt_initialize_ptd(void)
00429920	___acrt_uninitialize_ptd	26	false	false	__stdcall	undefined4 ___acrt_uninitialize_ptd(void)
0042993a	___acrt_update_locale_info	45	false	false	__cdecl	undefined ___acrt_update_locale_info(int param_1, int * param_2)
00429967	___acrt_update_multibyte_info	45	false	false	__cdecl	undefined ___acrt_update_multibyte_info(int param_1, int * param_2)
00429994	__acrt_fp_classify	108	false	false	__cdecl	__acrt_fp_class __acrt_fp_classify(double * param_1)
00429a00	__acrt_fp_is_negative	30	false	false	__cdecl	bool __acrt_fp_is_negative(double * param_1)
00429a1e	fp_format_a	771	false	false	__cdecl	int fp_format_a(double * param_1, char * param_2, uint param_3, char * param_4, uint param_5, int param_6, bool param_7, uint param_8, __crt_locale_pointers * param_9)
00429d21	fp_format_e	155	false	false	__cdecl	int fp_format_e(double * param_1, char * param_2, uint param_3, char * param_4, uint param_5, int param_6, bool param_7, uint param_8, __crt_locale_pointers * param_9)
00429dbc	fp_format_e_internal	330	false	false	__cdecl	int fp_format_e_internal(char * param_1, uint param_2, int param_3, bool param_4, uint param_5, _strflt * param_6, bool param_7, __crt_locale_pointers * param_8)
00429f07	fp_format_f	141	false	false	__cdecl	int fp_format_f(double * param_1, char * param_2, uint param_3, char * param_4, uint param_5, int param_6, __crt_locale_pointers * param_7)
00429f94	fp_format_f_internal	215	false	false	__cdecl	int fp_format_f_internal(char * param_1, uint param_2, int param_3, _strflt * param_4, bool param_5, __crt_locale_pointers * param_6)
0042a06b	fp_format_g	200	false	false	__cdecl	int fp_format_g(double * param_1, char * param_2, uint param_3, char * param_4, uint param_5, int param_6, bool param_7, uint param_8, __crt_locale_pointers * param_9)
0042a133	fp_format_nan_or_infinity	247	false	false	__cdecl	int fp_format_nan_or_infinity(__acrt_fp_class param_1, bool param_2, char * param_3, uint param_4, bool param_5)
0042a22b	shift_bytes	52	false	false	__cdecl	void shift_bytes(char * param_1, uint param_2, char * param_3, int param_4)
0042a25f	___acrt_fp_format	330	false	false	__cdecl	int ___acrt_fp_format(double * param_1, char * param_2, uint param_3, char * param_4, uint param_5, int param_6, int param_7, uint param_8, undefined4 param_9, __crt_locale_pointers * param_10)
0042a3a9	__fileno	38	false	false	__cdecl	int __fileno(FILE * _File)
0042a3d0	___acrt_initialize_stdio	200	false	false	__stdcall	undefined4 ___acrt_initialize_stdio(void)
0042a4a0	___acrt_uninitialize_stdio	76	false	false	__stdcall	undefined ___acrt_uninitialize_stdio(void)
0042a4ec	__lock_file	20	false	false	__cdecl	void __lock_file(FILE * _File)
0042a500	FUN_0042a500	20	false	false	__cdecl	undefined FUN_0042a500(int param_1)
0042a514	__get_printf_count_output	21	false	false	__cdecl	int __get_printf_count_output(void)
0042a529	initialize_inherited_file_handles_nolock	182	false	false	__cdecl	void initialize_inherited_file_handles_nolock(void)
0042a5df	initialize_stdio_handles_nolock	182	false	false	__cdecl	void initialize_stdio_handles_nolock(void)
0042a6a0	___acrt_initialize_lowio	74	false	false	__stdcall	bool ___acrt_initialize_lowio(void)
0042a6ed	FUN_0042a6ed	9	false	false	__stdcall	undefined FUN_0042a6ed(void)
0042a700	___acrt_uninitialize_lowio	44	false	false	__stdcall	undefined4 ___acrt_uninitialize_lowio(void)
0042a72c	__acrt_stdio_free_stream	59	false	false	__cdecl	void __acrt_stdio_free_stream(__crt_stdio_stream param_1)
0042a767	___pctype_func	38	false	false	__cdecl	ushort * ___pctype_func(void)
0042a78d	_iswctype	95	false	false	__cdecl	int _iswctype(wint_t _C, wctype_t _Type)
0042a7ec	__isctype_l	210	false	false	__cdecl	int __isctype_l(int _C, int _Type, _locale_t _Locale)
0042a8be	_wcscpy_s	100	false	false	__cdecl	errno_t _wcscpy_s(wchar_t * _Dst, rsize_t _SizeInWords, wchar_t * _Src)
0042a922	__isleadbyte_l	57	false	false	__cdecl	int __isleadbyte_l(int _C, _locale_t _Locale)
0042a95b	__acrt_LCMapStringA_stat	541	false	false	__cdecl	int __acrt_LCMapStringA_stat(__crt_locale_pointers * param_1, wchar_t * param_2, ulong param_3, char * param_4, int param_5, char * param_6, int param_7, int param_8, int param_9)
0042ab78	___acrt_LCMapStringA	75	false	false	__cdecl	undefined ___acrt_LCMapStringA(__crt_locale_pointers * param_1, wchar_t * param_2, ulong param_3, char * param_4, int param_5, char * param_6, int param_7, int param_8, int param_9)
0042abc3	__freea_crt	32	false	false	__cdecl	undefined __freea_crt(int param_1)
0042abf0	___acrt_initialize_locks	65	false	false	__stdcall	undefined4 ___acrt_initialize_locks(void)
0042ac31	___acrt_lock	23	false	false	__cdecl	undefined ___acrt_lock(int param_1)
0042ac50	___acrt_uninitialize_locks	49	false	false	__stdcall	undefined4 ___acrt_uninitialize_locks(void)
0042ac81	___acrt_unlock	23	false	false	__cdecl	undefined ___acrt_unlock(int param_1)
0042ac98	try_get_function	156	false	false	__cdecl	void * try_get_function(function_id param_1, char * param_2, module_id * param_3, module_id * param_4)
0042ad34	try_get_module	123	false	false	__cdecl	HMODULE try_get_module(int param_1)
0042adaf	___acrt_FlsAlloc@4	86	false	false	__stdcall	undefined ___acrt_FlsAlloc@4(undefined4 param_1)
0042ae05	___acrt_FlsFree@4	86	false	false	__stdcall	undefined ___acrt_FlsFree@4(DWORD param_1)
0042ae5b	___acrt_FlsGetValue@4	86	false	false	__stdcall	undefined ___acrt_FlsGetValue@4(DWORD param_1)
0042aeb1	___acrt_FlsSetValue@8	89	false	false	__stdcall	undefined ___acrt_FlsSetValue@8(DWORD param_1, LPVOID param_2)
0042af0a	___acrt_InitializeCriticalSectionEx@12	98	false	false	__stdcall	undefined ___acrt_InitializeCriticalSectionEx@12(LPCRITICAL_SECTION param_1, DWORD param_2, undefined4 param_3)
0042af6c	___acrt_LCMapStringEx@36	136	false	false	__stdcall	undefined ___acrt_LCMapStringEx@36(wchar_t * param_1, DWORD param_2, LPCWSTR param_3, int param_4, LPWSTR param_5, int param_6, undefined4 param_7, undefined4 param_8, undefined4 param_9)
0042aff4	___acrt_LocaleNameToLCID@8	92	false	false	__stdcall	undefined ___acrt_LocaleNameToLCID@8(wchar_t * param_1, undefined4 param_2)
0042b050	___acrt_initialize_winapi_thunks	38	false	false	__stdcall	undefined4 ___acrt_initialize_winapi_thunks(void)
0042b076	___acrt_is_packaged_app	135	false	false	__fastcall	undefined ___acrt_is_packaged_app(undefined4 param_1)
0042b100	___acrt_uninitialize_winapi_thunks	54	false	false	__cdecl	undefined1 ___acrt_uninitialize_winapi_thunks(char param_1)
0042b136	__calloc_base	93	false	false	__cdecl	LPVOID __calloc_base(uint param_1, uint param_2)
0042b1a0	FUN_0042b1a0	24	false	false	__cdecl	uint FUN_0042b1a0(uint param_1, uint param_2)
0042b1b8	common_expand_argv_wildcards<char>	399	false	false	__cdecl	int common_expand_argv_wildcards<char>(char * * param_1, char * * * param_2)
0042b348	copy_and_add_argument_to_buffer<char>	149	false	false	__cdecl	int copy_and_add_argument_to_buffer<char>(char * param_1, char * param_2, uint param_3, argument_list<char> * param_4)
0042b3de	expand_argument_wildcards<char>	388	false	false	__cdecl	int expand_argument_wildcards<char>(char * param_1, char * param_2, argument_list<char> * param_3)
0042b562	_anon_FD16DE3C::argument_list<char>::~argument_list<char>	37	false	false	__thiscall	void ~argument_list<char>(argument_list<char> * this)
0042b587	append	53	false	false	__thiscall	int append(void * this, void * param_1)
0042b5bc	expand_if_necessary	135	false	false	__fastcall	undefined4 expand_if_necessary(int * param_1)
0042b643	FUN_0042b643	11	false	false	__cdecl	undefined FUN_0042b643(char * * param_1, char * * * param_2)
0042b64e	__crt_seh_guarded_call<void>::operator()<class_<lambda_978dc153c237d78434369da87b74ff60>,class_<lambda_ad1ced32f4ac17aa236e5ef05d6b3b7c>&,class_<lambda_4a8533e2866a575feecb8298ce776b0d>_>	55	false	false	__thiscall	void operator()<class_<lambda_978dc153c237d78434369da87b74ff60>,class_<lambda_ad1ced32f4ac17aa236e5ef05d6b3b7c>&,class_<lambda_4a8533e2866a575feecb8298ce776b0d>_>(__crt_seh_guarded_call<void> * this, <lambda_978dc153c237d78434369da87b74ff60> * param_1, <lambda_ad1ced32f4ac17aa236e5ef05d6b3b7c> * param_2, <lambda_4a8533e2866a575feecb8298ce776b0d> * param_3)
0042b685	FUN_0042b685	12	false	false	__stdcall	undefined FUN_0042b685(void)
0042b691	__acrt_lock_and_call<class_<lambda_ad1ced32f4ac17aa236e5ef05d6b3b7c>_>	40	false	false	__cdecl	void __acrt_lock_and_call<class_<lambda_ad1ced32f4ac17aa236e5ef05d6b3b7c>_>(__acrt_lock_id param_1, <lambda_ad1ced32f4ac17aa236e5ef05d6b3b7c> * param_2)
0042b6b9	<lambda_ad1ced32f4ac17aa236e5ef05d6b3b7c>::operator()	196	false	false	__thiscall	void operator()(<lambda_ad1ced32f4ac17aa236e5ef05d6b3b7c> * this)
0042b77d	CPtoLocaleName	62	false	false	__cdecl	wchar_t * CPtoLocaleName(int param_1)
0042b7bb	getSystemCP	115	false	false	__cdecl	int getSystemCP(int param_1)
0042b82e	setSBCS	101	false	false	__cdecl	void setSBCS(__crt_multibyte_data * param_1)
0042b893	setSBUpLow	404	false	false	__cdecl	void setSBUpLow(__crt_multibyte_data * param_1)
0042ba27	setmbcp_internal	257	false	false	__cdecl	int setmbcp_internal(int param_1, bool param_2)
0042bb30	___acrt_initialize_multibyte	30	false	false	__stdcall	undefined4 ___acrt_initialize_multibyte(void)
0042bb4e	___acrt_update_thread_multibyte_data	150	false	false	__stdcall	int * ___acrt_update_thread_multibyte_data(void)
0042bbdf	FUN_0042bbdf	9	false	false	__stdcall	undefined FUN_0042bbdf(void)
0042bbf0	__setmbcp_nolock	497	false	false	__cdecl	undefined __setmbcp_nolock(int param_1, __crt_multibyte_data * param_2)
0042bde1	_memcpy_s	129	false	false	__cdecl	errno_t _memcpy_s(void * _Dst, rsize_t _DstSize, void * _Src, rsize_t _MaxCount)
0042be62	x_ismbbtype_l	89	false	false	__cdecl	int x_ismbbtype_l(__crt_locale_pointers * param_1, uint param_2, int param_3, int param_4)
0042bebb	__ismbblead	24	false	false	__cdecl	int __ismbblead(uint _C)
0042bee0	FUN_0042bee0	25	false	false	__stdcall	undefined4 FUN_0042bee0(void)
0042bef9	find_end_of_double_null_terminated_sequence	55	false	false	__cdecl	wchar_t * find_end_of_double_null_terminated_sequence(wchar_t * param_1)
0042bf30	___dcrt_get_narrow_environment_from_os	131	false	false	__stdcall	LPSTR ___dcrt_get_narrow_environment_from_os(void)
0042bfb3	FUN_0042bfb3	120	false	false	__cdecl	LPVOID FUN_0042bfb3(LPCVOID param_1, uint param_2, uint param_3)
0042c030	FUN_0042c030	17	false	false	__stdcall	bool FUN_0042c030(void)
0042c050	FUN_0042c050	10	false	false	__stdcall	undefined1 FUN_0042c050(void)
0042c05a	___acrt_execute_initializers	131	false	false	__cdecl	undefined ___acrt_execute_initializers(undefined4 * param_1, undefined4 * param_2)
0042c0dd	___acrt_execute_uninitializers	77	false	false	__cdecl	undefined ___acrt_execute_uninitializers(undefined4 * param_1, undefined4 * param_2)
0042c12a	operator()<>	75	false	false	__stdcall	uint operator()<>(int * param_1)
0042c178	FUN_0042c178	12	false	false	__stdcall	undefined FUN_0042c178(void)
0042c184	__acrt_lock_and_call<class_<lambda_ec61778202f4f5fc7e7711acc23c3bca>_>	40	false	false	__cdecl	_func_void_int * __acrt_lock_and_call<class_<lambda_ec61778202f4f5fc7e7711acc23c3bca>_>(__acrt_lock_id param_1, <lambda_ec61778202f4f5fc7e7711acc23c3bca> * param_2)
0042c1ac	get_global_action_nolock	66	false	false	__cdecl	_func_void_int * * get_global_action_nolock(int param_1)
0042c1ee	siglookup	40	false	false	__cdecl	__crt_signal_action_t * siglookup(int param_1, __crt_signal_action_t * param_2)
0042c216	___acrt_get_sigabrt_handler	23	false	false	__stdcall	undefined ___acrt_get_sigabrt_handler(void)
0042c22d	___acrt_initialize_signal_handlers	59	false	false	__cdecl	undefined ___acrt_initialize_signal_handlers(char * * param_1)
0042c268	FUN_0042c268	9	false	false	__stdcall	int FUN_0042c268(void)
0042c271	_raise	490	false	false	__cdecl	int _raise(int _SigNum)
0042c431	FUN_0042c431	15	false	false	__stdcall	undefined FUN_0042c431(void)
0042c479	___acrt_lowio_create_handle_array	122	false	false	__stdcall	undefined4 * ___acrt_lowio_create_handle_array(void)
0042c4f3	___acrt_lowio_destroy_handle_array	53	false	false	__cdecl	undefined ___acrt_lowio_destroy_handle_array(LPCRITICAL_SECTION param_1)
0042c528	___acrt_lowio_ensure_fh_exists	140	false	false	__cdecl	undefined4 ___acrt_lowio_ensure_fh_exists(uint param_1)
0042c5b7	FUN_0042c5b7	9	false	false	__stdcall	undefined FUN_0042c5b7(void)
0042c5c0	___acrt_lowio_lock_fh	35	false	false	__cdecl	undefined ___acrt_lowio_lock_fh(uint param_1)
0042c5e3	___acrt_lowio_unlock_fh	35	false	false	__cdecl	undefined ___acrt_lowio_unlock_fh(uint param_1)
0042c606	__free_osfhnd	145	false	false	__cdecl	int __free_osfhnd(int param_1)
0042c697	__get_osfhandle	106	false	false	__cdecl	intptr_t __get_osfhandle(int _FileHandle)
0042c701	___acrt_locale_free_monetary	254	false	false	__cdecl	undefined ___acrt_locale_free_monetary(int param_1)
0042c7ff	___acrt_locale_free_numeric	105	false	false	__cdecl	undefined ___acrt_locale_free_numeric(undefined4 * param_1)
0042c868	free_crt_array_internal	60	false	false	__cdecl	void free_crt_array_internal(void * * param_1, uint param_2)
0042c8a4	___acrt_locale_free_time	228	false	false	__cdecl	undefined ___acrt_locale_free_time(void * * param_1)
0042c988	___acrt_GetStringTypeA	285	false	false	__cdecl	undefined ___acrt_GetStringTypeA(__crt_locale_pointers * param_1, DWORD param_2, LPCSTR param_3, int param_4, LPWORD param_5, UINT param_6, int param_7)
0042caa5	___acrt_add_locale_ref	125	false	false	__cdecl	undefined ___acrt_add_locale_ref(int param_1)
0042cb22	___acrt_free_locale	330	false	false	__cdecl	undefined ___acrt_free_locale(void * param_1)
0042cc6c	___acrt_locale_add_lc_time_reference	41	false	false	__cdecl	undefined * ___acrt_locale_add_lc_time_reference(undefined * * param_1)
0042cc95	___acrt_locale_free_lc_time_if_unreferenced	48	false	false	__cdecl	undefined ___acrt_locale_free_lc_time_if_unreferenced(undefined * * param_1)
0042ccc5	___acrt_locale_release_lc_time_reference	41	false	false	__cdecl	undefined * ___acrt_locale_release_lc_time_reference(undefined * * param_1)
0042ccee	___acrt_release_locale_ref	129	false	false	__cdecl	undefined ___acrt_release_locale_ref(int param_1)
0042cd6f	___acrt_update_thread_locale_data	107	false	false	__stdcall	undefined * * ___acrt_update_thread_locale_data(void)
0042cdd5	FUN_0042cdd5	9	false	false	__stdcall	undefined FUN_0042cdd5(void)
0042cde6	__updatetlocinfoEx_nolock	80	false	false	__cdecl	undefined * * __updatetlocinfoEx_nolock(undefined4 * param_1, undefined * * param_2)
0042ce36	___hw_cw_sse2	171	false	false	__cdecl	uint ___hw_cw_sse2(uint param_1)
0042cee1	__clearfp	222	false	false	__cdecl	uint __clearfp(void)
0042cfbf	__control87	770	false	false	__cdecl	uint __control87(uint _NewValue, uint _Mask)
0042d2c1	__hw_cw	153	false	false	__cdecl	uint __hw_cw(uint param_1)
0042d35a	___acrt_fp_strflt_to_string	188	false	false	__cdecl	int ___acrt_fp_strflt_to_string(uint * param_1, uint param_2, int param_3, int param_4)
0042d416	_anon_3568B024::scoped_fp_state_reset::scoped_fp_state_reset	42	false	false	__thiscall	undefined scoped_fp_state_reset(scoped_fp_state_reset * this)
0042d440	__crt_strtox::divide	1192	false	false	__cdecl	__uint64 divide(big_integer * param_1, big_integer * param_2)
0042d8ee	___acrt_fltout	5019	false	false	__cdecl	undefined ___acrt_fltout(int param_1, uint param_2, int param_3, int * param_4, char * param_5, rsize_t param_6)
0042ec8a	__fcloseall	151	false	false	__cdecl	int __fcloseall(void)
0042ed21	FUN_0042ed21	9	false	false	__stdcall	undefined FUN_0042ed21(void)
0042ed2a	___acrt_stdio_flush_nolock	102	false	false	__cdecl	undefined4 ___acrt_stdio_flush_nolock(FILE * param_1)
0042ed90	__fflush_nolock	71	false	false	__cdecl	int __fflush_nolock(FILE * _File)
0042edd7	__flushall	9	false	false	__cdecl	int __flushall(void)
0042ede0	common_flush_all	188	false	false	__cdecl	int common_flush_all(int param_1)
0042ee85	FUN_0042ee85	10	false	false	__stdcall	undefined FUN_0042ee85(void)
0042eeaf	FUN_0042eeaf	9	false	false	__stdcall	undefined FUN_0042eeaf(void)
0042eeb8	___acrt_stdio_free_buffer_nolock	62	false	false	__cdecl	undefined ___acrt_stdio_free_buffer_nolock(undefined4 * param_1)
0042eef6	__isatty	86	false	false	__cdecl	int __isatty(int _FileHandle)
0042ef4c	___strncnt	28	false	false	__cdecl	undefined ___strncnt(char * param_1, int param_2)
0042ef68	GetTableIndexFromLocaleName	188	false	false	__cdecl	int GetTableIndexFromLocaleName(wchar_t * param_1)
0042f024	___acrt_DownlevelLocaleNameToLCID	44	false	false	__cdecl	undefined4 ___acrt_DownlevelLocaleNameToLCID(wchar_t * param_1)
0042f050	common_tcsncpy_s<char>	177	false	false	__cdecl	int common_tcsncpy_s<char>(char * param_1, uint param_2, char * param_3, uint param_4)
0042f101	FUN_0042f101	11	false	false	__cdecl	undefined FUN_0042f101(char * param_1, uint param_2, char * param_3, uint param_4)
0042f110	_strpbrk	64	false	false	__cdecl	char * _strpbrk(char * _Str, char * _Control)
0042f150	__mbsdec	23	false	false	__cdecl	uchar * __mbsdec(uchar * _Start, uchar * _Pos)
0042f167	__mbsdec_l	141	false	false	__cdecl	uchar * __mbsdec_l(uchar * _Start, uchar * _Pos, _locale_t _Locale)
0042f200	FUN_0042f200	15	false	false	__stdcall	bool FUN_0042f200(void)
0042f20f	FUN_0042f20f	51	false	false	__cdecl	SIZE_T FUN_0042f20f(LPCVOID param_1)
0042f242	___set_fpsr_sse2	72	false	false	__cdecl	undefined ___set_fpsr_sse2(uint param_1)
0042f2b8	__clrfp	19	false	false	__stdcall	int __clrfp(void)
0042f2cb	__ctrlfp	44	false	false	__stdcall	int __ctrlfp(void)
0042f2f7	FUN_0042f2f7	91	false	false	__stdcall	undefined FUN_0042f2f7(void)
0042f352	__statfp	18	false	false	__stdcall	int __statfp(void)
0042f364	fegetenv	29	false	false	__cdecl	undefined4 fegetenv(uint * param_1)
0042f381	fesetenv	73	false	false	__cdecl	undefined4 fesetenv(uint * param_1)
0042f3ca	feholdexcept	79	false	false	__cdecl	undefined4 feholdexcept(uint * param_1)
0042f460	FUN_0042f460	79	false	false	__stdcall	undefined FUN_0042f460(void)
0042f4b8	FUN_0042f4b8	197	false	false	__cdecl	uint FUN_0042f4b8(int param_1, uint param_2)
0042f570	FUN_0042f570	470	false	false	__cdecl	float10 FUN_0042f570(double param_1)
0042f68d	write_double_translated_ansi_nolock	435	false	false	__cdecl	write_result write_double_translated_ansi_nolock(int param_1, char * param_2, uint param_3)
0042f840	write_double_translated_unicode_nolock	109	false	false	__cdecl	write_result write_double_translated_unicode_nolock(char * param_1, uint param_2)
0042f8ad	write_requires_double_translation_nolock	118	false	false	__cdecl	bool write_requires_double_translation_nolock(int param_1)
0042f923	write_text_ansi_nolock	223	false	false	__cdecl	write_result write_text_ansi_nolock(int param_1, char * param_2, uint param_3)
0042fa02	write_text_utf16le_nolock	238	false	false	__cdecl	write_result write_text_utf16le_nolock(int param_1, char * param_2, uint param_3)
0042faf0	write_text_utf8_nolock	301	false	false	__cdecl	write_result write_text_utf8_nolock(int param_1, char * param_2, uint param_3)
0042fc1d	__write	221	false	false	__cdecl	int __write(int _FileHandle, void * _Buf, uint _MaxCharCount)
0042fcdf	FUN_0042fcdf	8	false	false	__stdcall	undefined FUN_0042fcdf(void)
0042fd08	__write_nolock	524	false	false	__cdecl	int __write_nolock(int _FileHandle, void * _Buf, uint _MaxCharCount)
0042ff14	common_lseek_nolock<__int64>	126	false	false	__cdecl	__int64 common_lseek_nolock<__int64>(int param_1, __int64 param_2, int param_3)
0042ff92	__lseeki64_nolock	27	false	false	__cdecl	longlong __lseeki64_nolock(int _FileHandle, longlong _Offset, int _Origin)
0042ffad	__fclose_nolock	118	false	false	__cdecl	int __fclose_nolock(FILE * _File)
00430023	_fclose	115	false	false	__cdecl	int _fclose(FILE * _File)
00430099	FUN_00430099	10	false	false	__stdcall	undefined FUN_00430099(void)
004300a3	__crt_seh_guarded_call<int>::operator()<class_<lambda_61cee617f5178ae960314fd4d05640a0>,class_<lambda_6978c1fb23f02e42e1d9e99668cc68aa>&,class_<lambda_9cd88cf8ad10232537feb2133f08c833>_>	137	false	false	__thiscall	int operator()<class_<lambda_61cee617f5178ae960314fd4d05640a0>,class_<lambda_6978c1fb23f02e42e1d9e99668cc68aa>&,class_<lambda_9cd88cf8ad10232537feb2133f08c833>_>(__crt_seh_guarded_call<int> * this, <lambda_61cee617f5178ae960314fd4d05640a0> * param_1, <lambda_6978c1fb23f02e42e1d9e99668cc68aa> * param_2, <lambda_9cd88cf8ad10232537feb2133f08c833> * param_3)
0043012f	FUN_0043012f	12	false	false	__stdcall	undefined FUN_0043012f(void)
0043013b	__acrt_lowio_lock_fh_and_call<class_<lambda_6978c1fb23f02e42e1d9e99668cc68aa>_>	40	false	false	__cdecl	int __acrt_lowio_lock_fh_and_call<class_<lambda_6978c1fb23f02e42e1d9e99668cc68aa>_>(int param_1, <lambda_6978c1fb23f02e42e1d9e99668cc68aa> * param_2)
00430163	__commit	111	false	false	__cdecl	int __commit(int _FileHandle)
004301e0	___ascii_strnicmp	97	false	false	__cdecl	int ___ascii_strnicmp(char * _Str1, char * _Str2, size_t _MaxCount)
00430241	__crt_seh_guarded_call<int>::operator()<class_<lambda_123407a5e2ac06da108355a851863b7a>,class_<lambda_2fe9b910cf3cbf4a0ab98a02ba45b3ec>&,class_<lambda_ae55bdf541ad94d75914d381c370e64d>_>	115	false	false	__thiscall	int operator()<class_<lambda_123407a5e2ac06da108355a851863b7a>,class_<lambda_2fe9b910cf3cbf4a0ab98a02ba45b3ec>&,class_<lambda_ae55bdf541ad94d75914d381c370e64d>_>(__crt_seh_guarded_call<int> * this, <lambda_123407a5e2ac06da108355a851863b7a> * param_1, <lambda_2fe9b910cf3cbf4a0ab98a02ba45b3ec> * param_2, <lambda_ae55bdf541ad94d75914d381c370e64d> * param_3)
004302b7	FUN_004302b7	12	false	false	__stdcall	undefined FUN_004302b7(void)
004302c3	__acrt_lowio_lock_fh_and_call<class_<lambda_2fe9b910cf3cbf4a0ab98a02ba45b3ec>_>	40	false	false	__cdecl	int __acrt_lowio_lock_fh_and_call<class_<lambda_2fe9b910cf3cbf4a0ab98a02ba45b3ec>_>(int param_1, <lambda_2fe9b910cf3cbf4a0ab98a02ba45b3ec> * param_2)
004302eb	__close	127	false	false	__cdecl	int __close(int _FileHandle)
0043036a	__close_nolock	156	false	false	__cdecl	int __close_nolock(int _FileHandle)
00430406	___get_abstract_control_sse2	125	false	false	__cdecl	uint ___get_abstract_control_sse2(uint param_1)
00430483	___get_abstract_control_x87	115	false	false	__cdecl	uint ___get_abstract_control_x87(uint param_1)
004304f6	___get_machine_control	113	false	false	__cdecl	uint ___get_machine_control(uint param_1)
00430567	___get_machine_control_sse2	128	false	false	__cdecl	uint ___get_machine_control_sse2(uint param_1)
004305e7	___get_machine_status_sse2	97	false	false	__cdecl	byte ___get_machine_status_sse2(uint param_1)
00430648	___get_machine_status_x87	97	false	false	__cdecl	byte ___get_machine_status_x87(uint param_1)
004306a9	__getfpcontrolword	67	false	false	__stdcall	uint __getfpcontrolword(void)
004306ec	__getfpstatusword	168	false	false	__stdcall	uint __getfpstatusword(void)
00430794	__setfpcontrolword	128	false	false	__cdecl	undefined __setfpcontrolword(uint param_1)
00430814	__setfpstatusword	128	false	false	__cdecl	undefined __setfpstatusword(uint param_1)
004308a0	FUN_004308a0	15	false	false	__stdcall	undefined4 FUN_004308a0(void)
004308b0	FUN_004308b0	24	false	false	__stdcall	undefined FUN_004308b0(void)
004308ce	FUN_004308ce	614	false	false	__cdecl	float10 FUN_004308ce(double param_1)
00430f6c	FUN_00430f6c	25	false	false	__stdcall	undefined4 FUN_00430f6c(void)
00430fc8	FUN_00430fc8	22	false	false	__cdecl	uint FUN_00430fc8(undefined4 param_1, uint param_2)
00430feb	__math_exit	42	false	false	__fastcall	undefined __math_exit(undefined4 param_1, int param_2, undefined4 param_3, undefined4 param_4, undefined4 param_5)
004310d0	FUN_004310d0	23	false	false	__fastcall	float10 FUN_004310d0(undefined4 param_1, undefined4 param_2, undefined2 param_3, undefined4 param_4, undefined4 param_5, undefined4 param_6, undefined4 param_7, undefined4 param_8)
004310e7	__startOneArgErrorHandling	60	false	false	__fastcall	float10 __startOneArgErrorHandling(undefined4 param_1, int param_2, ushort param_3, undefined4 param_4, undefined4 param_5, undefined4 param_6)
00431123	___libm_error_support	536	false	false	__cdecl	undefined ___libm_error_support(undefined8 * param_1, undefined8 * param_2, undefined8 * param_3, int param_4)
004313f4	__putwch_nolock	69	false	false	__cdecl	wint_t __putwch_nolock(wchar_t _WCh)
00431439	FUN_00431439	106	false	false	__cdecl	undefined4 FUN_00431439(double param_1)
004314a3	FUN_004314a3	299	false	false	__cdecl	undefined4 FUN_004314a3(int param_1, int param_2, int param_3, int param_4, undefined8 * param_5)
004315ce	__87except	267	false	false	__cdecl	undefined __87except(int param_1, int * param_2, ushort * param_3)
004316d9	FUN_004316d9	22	false	false	__cdecl	float10 FUN_004316d9(double param_1)
004316ef	__errcode	52	false	false	__cdecl	int __errcode(uint param_1)
00431723	__except1	206	false	false	__cdecl	undefined __except1(uint param_1, int param_2, undefined8 param_3, double param_4, uint param_5)
004317f1	__handle_exc	480	false	false	__cdecl	bool __handle_exc(uint param_1, double * param_2, uint param_3)
004319d1	__raise_exc	35	false	false	__cdecl	undefined __raise_exc(uint * param_1, uint * param_2, uint param_3, int param_4, uint * param_5, uint * param_6)
004319f4	__raise_exc_ex	753	false	false	__cdecl	undefined __raise_exc_ex(uint * param_1, uint * param_2, uint param_3, int param_4, uint * param_5, uint * param_6, int param_7)
00431ce5	__set_errno_from_matherr	47	false	false	__cdecl	undefined __set_errno_from_matherr(int param_1)
00431d14	__umatherr	162	false	false	__cdecl	float10 __umatherr(int param_1, int param_2, undefined4 param_3, undefined4 param_4, undefined4 param_5, undefined4 param_6, undefined4 param_7, undefined4 param_8)
00431db6	FUN_00431db6	212	false	false	__cdecl	undefined FUN_00431db6(int param_1, uint param_2, int * param_3)
00431e8a	__set_exp	47	false	false	__cdecl	float10 __set_exp(undefined8 param_1, short param_2)
00431eb9	__sptype	94	false	false	__cdecl	undefined4 __sptype(int param_1, uint param_2)
00431f17	___dcrt_lowio_initialize_console_output	31	false	false	__stdcall	undefined ___dcrt_lowio_initialize_console_output(void)
00431f40	FUN_00431f40	23	false	false	__stdcall	undefined FUN_00431f40(void)
00431f57	__fpclass	164	false	false	__cdecl	int __fpclass(double _X)
00431ffe	KERNEL32.DLL::IsProcessorFeaturePresent	6	true	false	__stdcall	BOOL IsProcessorFeaturePresent(DWORD ProcessorFeature)
00432010	__alloca_probe_16	22	false	false	__stdcall	uint __alloca_probe_16(void)
00432026	__alloca_probe_8	22	false	false	__stdcall	uint __alloca_probe_8(void)
00432040	__FindPESection	67	false	false	__cdecl	PIMAGE_SECTION_HEADER __FindPESection(PBYTE pImageBase, DWORD_PTR rva)
00432090	__IsNonwritableInCurrentImage	164	false	false	__cdecl	BOOL __IsNonwritableInCurrentImage(PBYTE pTarget)
00432150	FUN_00432150	49	false	false	__cdecl	bool FUN_00432150(short * param_1)
00432181	__EH_prolog3_catch	54	false	false	__cdecl	undefined __EH_prolog3_catch(int param_1)
004321c0	__aulldvrm	149	false	false	__stdcall	undefined8 __aulldvrm(uint param_1, uint param_2, uint param_3, uint param_4)
00432260	__alldvrm	223	false	false	__stdcall	undefined8 __alldvrm(uint param_1, uint param_2, uint param_3, uint param_4)
00432340	__SEH_prolog4_GS	72	false	false	__cdecl	undefined __SEH_prolog4_GS(undefined4 param_1, int param_2)
00432390	FUN_00432390	15	false	false	__stdcall	undefined FUN_00432390(void)
004323a0	thunk_FUN_004323b0	5	true	false	__stdcall	uint thunk_FUN_004323b0(void)
004323b0	FUN_004323b0	124	false	false	__stdcall	uint FUN_004323b0(void)
00432430	FUN_00432430	311	false	false	__cdecl	undefined1[16] * FUN_00432430(undefined1[16] * param_1, byte param_2)
00432567	__filter_x86_sse2_floating_point_exception_default	120	false	false	__cdecl	int __filter_x86_sse2_floating_point_exception_default(int param_1)
004325e0	Unwind@004325e0	8	false	false	__stdcall	undefined Unwind@004325e0(void)
004325e8	Unwind@004325e8	14	false	false	__stdcall	undefined Unwind@004325e8(void)
004325f6	Unwind@004325f6	14	false	false	__stdcall	undefined Unwind@004325f6(void)
00432604	Unwind@00432604	14	false	false	__stdcall	undefined Unwind@00432604(void)
00432612	Unwind@00432612	14	false	false	__stdcall	undefined Unwind@00432612(void)
00432620	Unwind@00432620	16	false	false	__stdcall	undefined Unwind@00432620(void)
0043264d	Unwind@0043264d	8	false	false	__stdcall	undefined Unwind@0043264d(void)
00432666	Unwind@00432666	8	false	false	__stdcall	undefined Unwind@00432666(void)
0043267f	Unwind@0043267f	8	false	false	__stdcall	undefined Unwind@0043267f(void)
00432698	Unwind@00432698	8	false	false	__stdcall	undefined Unwind@00432698(void)
004326b1	Unwind@004326b1	8	false	false	__stdcall	undefined Unwind@004326b1(void)
004326ca	Unwind@004326ca	11	false	false	__stdcall	undefined Unwind@004326ca(void)
004326e6	Unwind@004326e6	8	false	false	__stdcall	undefined Unwind@004326e6(void)
004326ee	Unwind@004326ee	14	false	false	__stdcall	undefined Unwind@004326ee(void)
004326fc	Unwind@004326fc	14	false	false	__stdcall	undefined Unwind@004326fc(void)
0043270a	Unwind@0043270a	14	false	false	__stdcall	undefined Unwind@0043270a(void)
00432718	Unwind@00432718	14	false	false	__stdcall	undefined Unwind@00432718(void)
00432726	Unwind@00432726	14	false	false	__stdcall	undefined Unwind@00432726(void)
00432745	Unwind@00432745	21	false	false	__stdcall	undefined Unwind@00432745(void)
0043275a	Unwind@0043275a	27	false	false	__stdcall	undefined Unwind@0043275a(void)
00432786	Unwind@00432786	8	false	false	__stdcall	undefined Unwind@00432786(void)
0043278e	Unwind@0043278e	11	false	false	__stdcall	undefined Unwind@0043278e(void)
004327aa	Unwind@004327aa	8	false	false	__stdcall	undefined Unwind@004327aa(void)
004327c3	Unwind@004327c3	11	false	false	__stdcall	undefined Unwind@004327c3(void)
004327ce	Unwind@004327ce	11	false	false	__stdcall	undefined Unwind@004327ce(void)
004327d9	Unwind@004327d9	11	false	false	__stdcall	undefined Unwind@004327d9(void)
004327f5	Unwind@004327f5	11	false	false	__stdcall	undefined Unwind@004327f5(void)
00432800	Unwind@00432800	16	false	false	__stdcall	undefined Unwind@00432800(void)
00432821	Unwind@00432821	11	false	false	__stdcall	undefined Unwind@00432821(void)
0043283d	Unwind@0043283d	11	false	false	__stdcall	undefined Unwind@0043283d(void)
00432848	Unwind@00432848	11	false	false	__stdcall	undefined Unwind@00432848(void)
00432864	Unwind@00432864	11	false	false	__stdcall	undefined Unwind@00432864(void)
0043286f	Unwind@0043286f	8	false	false	__stdcall	undefined Unwind@0043286f(void)
00432888	Unwind@00432888	8	false	false	__stdcall	undefined Unwind@00432888(void)
004328a1	Unwind@004328a1	11	false	false	__stdcall	undefined Unwind@004328a1(void)
004328bd	Unwind@004328bd	16	false	false	__stdcall	undefined Unwind@004328bd(void)
004328de	Unwind@004328de	13	false	false	__stdcall	undefined Unwind@004328de(void)
004328fc	Unwind@004328fc	8	false	false	__stdcall	undefined Unwind@004328fc(void)
00432904	Unwind@00432904	8	false	false	__stdcall	undefined Unwind@00432904(void)
0043290c	Unwind@0043290c	8	false	false	__stdcall	undefined Unwind@0043290c(void)
00432925	Unwind@00432925	14	false	false	__stdcall	undefined Unwind@00432925(void)
00432933	Unwind@00432933	14	false	false	__stdcall	undefined Unwind@00432933(void)
00432952	Unwind@00432952	14	false	false	__stdcall	undefined Unwind@00432952(void)
00432960	Unwind@00432960	14	false	false	__stdcall	undefined Unwind@00432960(void)
0043296e	Unwind@0043296e	14	false	false	__stdcall	undefined Unwind@0043296e(void)
0043297c	Unwind@0043297c	16	false	false	__stdcall	undefined Unwind@0043297c(void)
0043298c	Unwind@0043298c	16	false	false	__stdcall	undefined Unwind@0043298c(void)
004329ad	Unwind@004329ad	11	false	false	__stdcall	undefined Unwind@004329ad(void)
004329c9	Unwind@004329c9	8	false	false	__stdcall	undefined Unwind@004329c9(void)
004329e2	Unwind@004329e2	11	false	false	__stdcall	undefined Unwind@004329e2(void)
004329ed	Unwind@004329ed	11	false	false	__stdcall	undefined Unwind@004329ed(void)
004329f8	Unwind@004329f8	11	false	false	__stdcall	undefined Unwind@004329f8(void)
00432a03	Unwind@00432a03	11	false	false	__stdcall	undefined Unwind@00432a03(void)
00432a0e	Unwind@00432a0e	14	false	false	__stdcall	undefined Unwind@00432a0e(void)
00432a1c	Unwind@00432a1c	14	false	false	__stdcall	undefined Unwind@00432a1c(void)
00432a2a	Unwind@00432a2a	14	false	false	__stdcall	undefined Unwind@00432a2a(void)
00432a49	Unwind@00432a49	8	false	false	__stdcall	undefined Unwind@00432a49(void)
00432a62	Unwind@00432a62	43	false	false	__stdcall	undefined Unwind@00432a62(void)
00432a9e	Unwind@00432a9e	8	false	false	__stdcall	undefined Unwind@00432a9e(void)
00432ab7	Unwind@00432ab7	8	false	false	__stdcall	undefined Unwind@00432ab7(void)
00432ad0	Unwind@00432ad0	11	false	false	__stdcall	undefined Unwind@00432ad0(void)
00432adb	Unwind@00432adb	8	false	false	__stdcall	undefined Unwind@00432adb(void)
00432af4	Unwind@00432af4	11	false	false	__stdcall	undefined Unwind@00432af4(void)
00432b10	Unwind@00432b10	11	false	false	__stdcall	undefined Unwind@00432b10(void)
00432b2c	Unwind@00432b2c	11	false	false	__stdcall	undefined Unwind@00432b2c(void)
00432b70	FUN_00432b70	10	false	false	__stdcall	undefined FUN_00432b70(void)
00432b80	FUN_00432b80	10	false	false	__stdcall	undefined FUN_00432b80(void)
00432b90	FUN_00432b90	10	false	false	__stdcall	undefined FUN_00432b90(void)
00432ba0	FUN_00432ba0	10	false	false	__stdcall	undefined FUN_00432ba0(void)
00432bb0	FUN_00432bb0	10	false	false	__stdcall	undefined FUN_00432bb0(void)
00432bc0	FUN_00432bc0	10	false	false	__stdcall	undefined FUN_00432bc0(void)
00432bd0	FUN_00432bd0	12	false	false	__stdcall	undefined FUN_00432bd0(void)
