:020000042000DA
:10000000FC7F0004D5000020DD0000202913002023
:100010000000000000000000000000008D65FFFBF4
:10002000000000000000000000000000E1000020CF
:100030000000000000000000E3000020E5000020B8
:10004000B14F0020EB000020EF000020F300002063
:10005000F7000020FB000020FF000020030100202B
:10006000070100200B0100200F01002013010020D8
:10007000851A00201B0100201F0100202301002001
:10008000270100202B0100202F0100203301002038
:10009000370100203B0100203F01002043010020E8
:1000A000470100204B0100204F0100203525002092
:1000B000152500205B0100205F0100206301002066
:1000C0000348854600F046F900480047397F002084
:1000D000FC7F00042448804724480047FEE7FEE7F1
:1000E000FEE7FEE7FEE72248004722480047224895
:1000F000004722480047224800472248004722483C
:10010000004722480047224800472248004722482B
:10011000004722480047224800472248004722481B
:10012000004722480047224800472248004722480B
:1001300000472248004722480047224800472248FB
:1001400000472248004722480047224800472248EB
:1001500000472248004722480047224800472248DB
:10016000004722480047FEE78D240020C100002000
:1001700067010020A50D00205D1100207D110020E9
:10018000F5170020211800204D18002079180020B4
:10019000B94E0020670100209508002025090020A5
:1001A00067010020DD090020790F0020990F002051
:1001B000B90F0020D90F0020F90F002019100020DE
:1001C000391000205910002067010020670100202D
:1001D00067010020670100206701002067010020FF
:1001E00067010020670100206701002067010020EF
:1001F00030B50B46014600202022012409E00D46BF
:10020000D5409D4205D31D469540491B2546954046
:1002100040191546521E002DF1DC30BD70B500248A
:100220002546002801DA01244042002901DA01258F
:100230004942FFF7DDFFAC4200D04042002C00D025
:10024000494270BDF0B51FB40646002082B0054695
:100250004024019100901BE0019922460F46304650
:1002600000F020F8049A059B801A994110D310469B
:100270001946224600F05EF8361A8F410197224651
:1002800001200021009F00F055F838184D410090E2
:100290002046641E0028DFDC019B00982946324678
:1002A00007B0F0BD10B5202A04DB0846203AD04044
:1002B000002110BD0B46D340D0402024A21A91400B
:1002C0000843194610BD03460B439B0703D009E0C2
:1002D00008C9121F08C0042AFAD203E00B78037081
:1002E000401C491C521EF9D27047D2B201E0027084
:1002F000401C491EFBD270470022F6E710B513469A
:100300000A4604461946FFF7F0FF204610BD0321B8
:10031000001D401E037812021A43491EF9D51046EB
:100320007047034603220870000A491C521EFAD582
:100330001846704710B5202A04DB0146203A914048
:10034000002010BD914020239C1A0346E34019432E
:10035000904010BD064C0125064E05E0E36807CC31
:100360002B430C3C98471034B442F7D3FFF7ACFE54
:1003700068F4002088F4002070B58C180578401CC3
:100380006B075B0F01D10378401C2A1106D102785C
:10039000401C03E006780E70401C491C5B1EF9D11E
:1003A0002B0705D40023521E0DD40B70491CFAE70D
:1003B0000378401CCB1A921C03E01D780D70491C79
:1003C0005B1C521EF9D5A142D8D3002070BD00009D
:1003D00010B5124810210163114800F037F8114C94
:1003E000204601F069FA204600F0F4F9204600F0BA
:1003F00013FA00220121202000F0CEF90021012271
:10040000084600F0C9F900220121104600F0C4F9A5
:10041000054800F01BF80548046010BD00060040C8
:100420000011100000D8B80500141000D805000411
:100430000121044849030162FF2003498830886193
:1004400070470000000200408010004070B500249A
:100450000D4D0E4E21460C224A43D040C3B2002817
:100460000AD00205120F521ED2B21C2B02D09B00E2
:10047000EA5002E0326200E00124491C022901D85E
:10048000002CE8D070BD0000800200400000044055
:10049000020A01218140022A04D29000034A8018F6
:1004A000016270470248416170470000000200404D
:1004B0000000044070B50124124E65063564022820
:1004C00003D000243562204670BD0F4A881812D030
:1004D000D04202D1002202210FE000240B48016823
:1004E0000B4A11404122120611430160FF200B30DC
:1004F000FFF7ACFFE6E700220121262000F04CF9CF
:10050000ECE7000004020040009423FD00050040D9
:10051000FF7FFFC310B50748006A8007800F03D034
:10052000012804D0002010BD00F008F810BD0248DA
:1005300010BD000000000440001BB70010B51948B2
:100540004168002902D10168002903D041680029CF
:1005500003D005E000F0DAF810BD0168012903D0EE
:100560004168002902D004E0002010BD0168022982
:1005700003D04168002903D005E000F0EDF810BD7C
:100580000168032908D04168022908D0406803287F
:10059000EAD10120C00310BD00F0C4F810BD02482C
:1005A000C06810BD800200408C05000410B50D48E5
:1005B000816A00290AD0816A01290AD0816A022948
:1005C0000AD0806A03280AD0002010BDFFF7B6FFCA
:1005D00010BD0548C06810BD00F098F810BD00F0CF
:1005E000A1F810BDC00200408C0500048100114834
:1005F00010B50818016B00290ED0016B01290ED02F
:10060000026B0D49022A0DD0026B032A0CD0006B3D
:1006100004280BD0002010BD00F078F810BD00F0C9
:1006200081F810BDC86810BD486810BD082000F0F2
:1006300005F810BD800200408C05000410B5304A5A
:10064000304CD168030004F06FFD130B0E1215350A
:10065000181A2D304447494B4D4F515355573500CB
:10066000FFF76CFF10BDFFF769FF216810E000F095
:1006700059F810BD00F04AF810BD084610BD2248D8
:10068000826A002A09D0806A012809D00020A16965
:10069000C9B2491CFFF7ACFD10BD00F043F8F6E706
:1006A0000846F4E700F058F810BD206AC043000681
:1006B000000E01D0002010BDFFF778FF010E226A66
:1006C00000021204120EFF3200230132FFF7BAFDBE
:1006D00010BDFFF71FFF10BD506810BD00200CE0DB
:1006E00001200AE0022008E0032006E0042004E0E4
:1006F000052002E0062000E00720FFF777FF10BD8D
:100700008C0500048003004080020040034800691B
:10071000C00601D500207047014870470006004020
:10072000001BB70008480069C00603D407480168E9
:10073000490001D4002070470068400401D50448F6
:100740007047044870470000000600400005004064
:1007500000D8B805006CDC0210B50B480069C00277
:1007600001D5002010BD094881688068C906C90EFE
:10077000491C49008005064AC00E105C054A5043DA
:10078000FFF736FD10BD00000006004000050040E8
:1007900038F3002050C30000074B8000002A02D02D
:1007A000012252071A50002902D0491E19507047E1
:1007B00001218907FAE7000000030040044A11689C
:1007C0000F231B0399430003084310607047000088
:1007D000000400400C4910B5884201D8002003E015
:1007E0000A49884203D80120FFF7E8FF10BD0849F5
:1007F000884201D80220F7E70649884201D8032041
:10080000F2E70420F0E70000001BB70080C3C90135
:100810000087930340FF100570B5194D0446EE00A4
:10082000A84206D0A800844203D0B44201D00120DF
:1008300070BD042001F036F8124908688A05C0012D
:10084000C00FAC4218D9104BB44208D10F4A000671
:10085000126B1A4002430E4802430A600AE00B4C36
:100860000006403464681C4004430120C00720187F
:1008700010430860002070BD08689043F9E700004D
:10088000001BB70000050040FF3FFF00000400010F
:10089000004000C010B5002000F0DAF810BD0000E4
:1008A00010B51A4A00211A4800F05CF9194841684D
:1008B000491C4160184CE079012807D107F052F833
:1008C00016490888401C088004F00AFE1448817903
:1008D00042790902401C114303D0491E0171090AE3
:1008E00041710F4801780907090F02290DD3407C97
:1008F000C0070AD0E079002807D109480222203039
:10090000C1791143C17107F02DF810BDCC0C000462
:100910000080004094030004660D0004600300049E
:100920003E0D000410B5012000F092F810BD00004B
:1009300070B5274D01202860264E274C3078E1798C
:100940000C2814D006DC002834D0082809D0092847
:1009500030D108E00D281ED010281FD0112829D131
:100960001FE0FD201BE0012016E0E17122E04808B5
:100970004000E0711848203800788106890F02296C
:1009800001D1400601D4002200E00122072101200C
:1009900006F00AFD0EE004200143E6E7FB200140DB
:1009A000E3E701220721104606F0FEFCE079102162
:1009B0000843E0713078401CC0B23070132805D372
:1009C0000020A860686840084000686070BD0000B2
:1009D00000900040940300045E0D000410B5032055
:1009E00000F036F810BD000010B5044600F064F8C1
:1009F0006168490849006160114A4100515A012368
:100A00000A0A022A06D21C468C4091000D4A891817
:100A10000C6403E01A468A400B498A610849091FA1
:100A20000856014680310AD0002808DBC006C00EF7
:100A3000834006480360BFF34F8FBFF36F8F10BD35
:100A4000C0F30020000200400000044080E100E00C
:100A5000F8B50146860010488059056805600F48C2
:100A60000F4F405C00280FD000240120A040054219
:100A700006D0B859A1004158002901D0284688471E
:100A8000641C062CF1D9F8BDB85901680029FAD0C8
:100A900028468847F8BD0000C8F30020B4050004CC
:100AA000A831000410B5002804D000210170417065
:100AB000416010BDC046C04610B503460321074A39
:100AC0000020840014599C4202D0401C8842F8D374
:100AD000884201D3C046C04610BD0000C8F30020C4
:100AE00070B50C0005460ED0FFF7E6FF1249400036
:100AF000095A01200A0A022A07D2884091000F4AA7
:100B00008918086204E0C046C04688400C49486124
:100B10002846FFF7D1FF084980001431085800F03B
:100B20008BFF207861788007800F8907090F0843C1
:100B300028676068E86070BDC0F3002000020040D4
:100B40000000044070B515460C46FFF7B5FF034A98
:100B50008100545002490D5470BD0000A8310004BA
:100B6000B4050004F8B514460E460546FFF7A4FF89
:100B7000696902467000301807238340994323793E
:100B8000471CBB400B436179871CB9401943237A4A
:100B900083400B436B61E96B7000302383409943C2
:100BA000A379001D83400B430120B040E1798343CA
:100BB000B1401943E963B3005B192168996128606A
:100BC000207A002803D00248805600F0B1F9F8BD21
:100BD000BCF3002070B5164C0A21E068FFF708FB53
:100BE0000146206980684B2292015043FFF700FBC9
:100BF000A060A2681049FF200E4E00048B13C503AD
:100C0000B24205D90A680C6882430440E01A09E040
:100C1000A268084C603CA24209D20A680C68824370
:100C20000440E0180002000A02432A430A6070BD33
:100C3000DC050004B0BB00000005004010B5322008
:100C400001F02CFC00220721012006F0ADFB322030
:100C500001F024FC1D21002006F07EFB04461E212D
:100C6000002006F079FB400004430821002006F034
:100C700073FB800004431621002006F06DFBC001C9
:100C800004430021084606F067FBC0000443152119
:100C9000002006F061FB000104431221002006F051
:100CA0005BFB400104431321002006F055FB80014B
:100CB00004430121002006F04FFB000204430321FE
:100CC000012006F049FB400204430821012006F000
:100CD00043FB80020443A00759D4642001F0DEFBEB
:100CE0001D21002006F038FB04461E21002006F0DE
:100CF00033FB400004430821002006F02DFB800058
:100D000004431621002006F027FBC0010443002104
:100D1000084606F021FBC00004431521002006F020
:100D20001BFB000104431221002006F015FB4001CB
:100D300004431321002006F00FFB8001044301212E
:100D4000002006F009FB000204430321012006F005
:100D500003FB400204430821012006F0FDFA800253
:100D6000044301220721104606F01EFBA0070ED403
:100D70000749C879002802D0012802D003E00120E9
:100D800000E00020C871002102200AF067FD10BDBC
:100D9000660D0004024AD160106100207047000017
:100DA000DC05000410B5024800F022F810BD000078
:100DB0000020084010B50146064A00208300D358A1
:100DC0008B4202D0401CF9D001E0002801D0C0467F
:100DD000C04610BD0CF4002070B500252C46FFF76E
:100DE000E9FF01E0641C12358442FBD3284670BD44
:100DF000FEB5FFF7F1FF0026019001983018810041
:100E00001E484458002C34D0217B5C234809CA0674
:100E10005843A168D20E009058300B5801259540D8
:100E20002B4208D00D502768002F04D00023012248
:100E300020466168B8470098A16860300A582A4285
:100E400008D00D502768002F04D001231A462046F1
:100E50006168B8470098A16840300A582A4208D013
:100E60000D502568002D04D0022300222046616821
:100E7000A847761C122EC0D3FEBD0000203300040C
:100E8000F8B505461248C90008184168C068090746
:100E90000607104F360F880EC019046864212046DB
:100EA0006843FFF7A5F9642D00D3A01C0A4A116816
:100EB0005168042319435160B10080B2CC192060FD
:100EC000064C091908601068506898435060F8BDD6
:100ED00000530840005108400050084000520840AC
:100EE00010B50146803103D004F050F9002010BD48
:100EF000012010BD10B50146002201E02039521C2E
:100F00002029FBD201231C468C409100064A8918F7
:100F10000C620146803106D0002804DBC006C00EFA
:100F200083400248036010BD8006004000E100E0FD
:100F30000146803109D0002805DBC106C90E012019
:100F40008840034908600020704701207047000076
:100F500000E100E00146803109D0002805DBC10630
:100F6000C90E012088400349086000207047012015
:100F70007047000000E100E010B505480268002A53
:100F800004D0203001680348904710BDC046C046D9
:100F9000583100040060084010B505484268002A36
:100FA00004D0203041680348904710BDC046C04679
:100FB000583100040070084010B505488268002AC6
:100FC00004D0203081680348904710BDC046C04619
:100FD000583100040080084010B50548C268002A56
:100FE00004D02030C1680348904710BDC046C046B9
:100FF000583100040090084010B505480269002AE5
:1010000004D0203001690348904710BDC046C04657
:101010005831000400A0084010B505484269002A74
:1010200004D0203041690348904710BDC046C046F7
:10103000583100040060094010B505488269002A53
:1010400004D0203081690348904710BDC046C04697
:10105000583100040070094010B50548C269002AE3
:1010600004D02030C1690348904710BDC046C04637
:10107000583100040080094010B50146054A00209F
:101080008300D3588B4204D0401C0828F8DBC046AC
:10109000C04610BD58F3002070B50C460546FFF75A
:1010A000EBFF002801DA042070BD0B494000085A0C
:1010B0000122010A022905D282408800074940180E
:1010C000026202E082400648426100222146284630
:1010D00000F016F870BD000078F300200002004018
:1010E0000000044070B514460D46FFF7C5FF0349E4
:1010F00080000A46203214500D5070BD5831000453
:101100001F2330B5DB01C018002913D04B1E032B61
:1011100009D8846FCB1C01259D402C4201D00123AE
:1011200006E0002304E005290ED1836F1B06DB0FC8
:10113000002B09D0836F1B0708D5836F5B075B0FFC
:101140008B4203D0012030BD032030BD002A01D0E6
:10115000082211438167002030BD00000548016866
:1011600001221143016004480068002800D00047B4
:101170007047000000200040B805000405480168E1
:1011800001221143016004484068002800D0004754
:101190007047000000300040B805000489000818BE
:1011A000026203647047000070B5054600F066F8FF
:1011B0000446284600F022F80C4A0020A1005050B6
:1011C0000B48405800F038FC094960000E39085AB5
:1011D0000122010A022905D28240880005494018EF
:1011E000026470BD82400448826170BDB80500048D
:1011F00020F40020000200400000044070B50446C6
:1012000000F03CF80C4B012219560D468035002D9C
:101210000BD0002909DBCD06ED0E1146A940074D84
:101220002960BFF34F8FBFF36F8F21681143216097
:10123000185603F093FF70BD10F4002080E100E029
:1012400070B5064600F01AF80446306801252843B8
:101250003060084E305703F081FF3057014680312F
:1012600006D0002804DBC006C00E85400248056099
:1012700070BD000010F4002000E100E010B5014650
:10128000074A00208300D3588B4203D0401C022819
:10129000F8D301E0022801D3C046C04610BD0000CB
:1012A00018F4002010B5FFF7E9FF0A4B0021820077
:1012B000995009494000085A0122010A022905D221
:1012C0008240880005494018026210BD82400448EF
:1012D000426110BDB805000412F400200002004075
:1012E00000000440F8B51C4615460E460746FFF7B9
:1012F000C5FFF107890FEA07520F11433960024910
:1013000080000C50F8BD0000B805000410B55A2A42
:1013100007D20AF069FA002801D0012010BD02208E
:1013200010BD002010BD000002490148C860704790
:101330000400FA0500ED00E010B50146054A002062
:101340008300D3588B4204D0401C0828F8DBC046E9
:10135000C04610BDE8F3002070B516460C461822B2
:10136000A01831460546FEF7AEFF002262606869AC
:10137000A06029692261E1602978CA0712490DD06D
:10138000002805D0A07F002804D0012804D00AE05E
:10139000062015E0022013E0032011E0E868002891
:1013A0000DD0042801D9084670BDB168F06802E08C
:1013B00022181175090A401EFAD5E8682061052037
:1013C0002070002070BD00002B0A00000122D20214
:1013D00080180029016804D0C906C90E01221143F2
:1013E00001E01E22114001607047000001210170E0
:1013F000024941600021017270470000A08601008F
:1014000070B50C46154606460321FFF745FE2178C8
:101410003046FFF7DBFF2A463046616800F001F8EE
:1014200070BDF7B5002582B00924039E0498664379
:101430007100FEF7DDFE01221204904200D9104631
:10144000464304997300C91AA94201D3002D02D161
:1014500027460D460090002904D0904202D2641E17
:10146000022CE2D200980121401E82B20298C902E9
:1014700040184261390120394906BF1E490E7A07DA
:10148000520F1143416205B0F0BD0000F8B51E4691
:1014900017460C00054619D038212046FEF72CFFD0
:1014A0002846FFF749FF009027632246084928464F
:1014B0006663FFF717FE01215120C9026918C86051
:1014C000044900980856FFF745FDF8BDC046C046E0
:1014D000D9140020E0F30020F8B50C00064613D024
:1014E0006A4600F031F802466846007810430BD097
:1014F00001215120C9027118C860256B002D03D04D
:1015000021463046636BA847F8BD000010B500299E
:1015100004D0002A02D0D368042B01D9C046C046AB
:101520000B78002B01D0074810BD0124E4025123A1
:101530000419E360FFF710FF502161605121A160A1
:1015400010BD0000280A0000F7B5029B00221A70A7
:101550000C4601221834D20282185068C30603D503
:10156000102050604848FEBD430604D5402050601E
:10157000A3200001FEBDC30710D00007450F032DB7
:101580000FD0042D0DD00F78002001263B0003F072
:10159000CBFD08582F4856580F6E71583A48401FD7
:1015A000FEBD04201062072008703748C01EFEBD33
:1015B0000B69002B04D0A3885B0093620E7012E0CD
:1015C000A379002BA38807D05B005B1C93628B6818
:1015D000002B0BD0032305E05B0093628B68002B8C
:1015E00004D002230B7002211162FEBD0623F9E72D
:1015F000022D26D10D694B6A5B1B5B181B7D936224
:1016000016620A69521E0A61EFD18A68002A06D062
:10161000A279012A01D0022233E0052231E006221C
:101620002FE0022D0DD1CB685C1CCC601B7893623F
:1016300016628A68521E8A6015D1062212E0012DB8
:1016400002D01148001DFEBD946ACB685D1CCD60C0
:101650001C708B685B1E8B6001D0166203E0042354
:10166000136207220A704A68521C4A60FEBD237842
:101670005B0703D5029A1670002202E0042313626E
:1016800007220A70FEBD00002D0A000010B58AB0C6
:101690003324009401AC07C47D21C9001846FEF72D
:1016A000A7FD049005A9684605F040F90AB010BDF1
:1016B00000B58BB002913B2301907D210093C900BE
:1016C0001046FEF795FD039005A9684605F06EF9F2
:1016D0000BB000BD10B58AB03324009401AC07C430
:1016E0007D21C9001846FEF783FD049005A96846D0
:1016F0000DF078F805980CF0EBFD0AB010BD00B5C0
:101700008BB002913B2301907D210093C9001046CC
:10171000FEF76EFD039005A968460DF063F8059885
:101720000CF0D6FD0BB000BD00B58BB0322202919B
:101730000190009205A9684605F01CFF05980CF081
:10174000C7FD0BB000BDC901081891004350704798
:10175000C9010818910043507047000010B50028D7
:1017600011D000F017F80020084A01468300401C01
:10177000D1500428FAD3122000F05EF90121044868
:101780008904016410BDC046C046000068330004EF
:1017900000020040F8B505001CD000240E4F0126C1
:1017A0003857014680310BD0002809DBC106C90E2D
:1017B0003046884009490860BFF34F8FBFF36F8FF1
:1017C0003046A0406862385703F0D4FC641C042CF7
:1017D000E6D3F8BDC046C04628F4002080E100E012
:1017E00001460348806A000E01D0CA6ACA62704787
:1017F0000040004010B5084C2046FFF7F1FF0146BD
:1018000006480268002A01D0002090472068C007DF
:1018100001D10120606210BD004000406833000427
:1018200010B5084C2046FFF7DBFF0146064842682A
:10183000002A01D0012090472068800701D40220AF
:10184000606210BD004000406833000410B5084CD1
:101850002046FFF7C5FF014606488268002A01D0EE
:10186000022090472068400701D40420606210BD28
:10187000004000406833000410B5084C2046FFF7D4
:10188000AFFF01460648C268002A01D003209047F6
:101890002068000701D40820606210BD00400040AD
:1018A0006833000401218140000A024A8000801848
:1018B000016370470006004010B504463F484049A8
:1018C00008630B21012000F08DF80B21022000F0AD
:1018D00089F80B21042000F085F83A48844208D8A2
:1018E0000621002000F07EF80621032000F07AF89F
:1018F00063E03548844208D80721002000F072F8E0
:101900000721032000F06EF857E03048844208D8E1
:101910000821002000F066F80821032000F062F89A
:101920004BE02B48844208D80921002000F05AF8E7
:101930000921032000F056F83FE02648844208D8E9
:101940000A21002000F04EF80A21032000F04AF896
:1019500033E02148844208D80B21002000F042F8EF
:101960000B21032000F03EF827E01C48844208D8F1
:101970000B21002000F036F80B21032000F032F894
:101980001BE0174884420CD80C21002000F02AF8F4
:101990000C21022000F026F80C21032000F022F890
:1019A0000BE00D21002000F01DF80D21022000F0B9
:1019B00019F80D21032000F015F810BD04000038BF
:1019C00000060040001BB70000366E0100512502E2
:1019D000006CDC020087930300A24A0400BD0105ED
:1019E00000D8B80510B50A07120F8300014C1B1967
:1019F0001A6010BD00000240010C82B2012010B537
:101A00009040202A01D3C046C046022906D3084987
:101A100088600B6802469A43FBD010BD8A000549D6
:101A2000511808640B6802469A43FBD010BD0000B1
:101A3000000004400001004010B5044600F004F826
:101A40002046FFF7D9FF10BD010C82B2012010B56E
:101A50009040202A01D3C046C046022905D3074939
:101A600048600A680242FCD010BD8A00044951183F
:101A700008620A680242FCD010BD00000000044069
:101A80000001004002490148C96808470050084069
:101A9000C8050004F0B58C04A50F3B4C2468A6468D
:101AA0000A2C16D21B079E0D374B03241B682402F9
:101AB000DB001B181C19022D0DD0059B97B2DB070C
:101AC000DB0E9C461304012D2F4DAA6806D00A2A6E
:101AD00028D30120F0BD0E43666047E00A2AF8D201
:101AE00015072D0F0D430168059EC907C90F491E33
:101AF000314209D191000818FF2101310F50FF3008
:101B0000FF30023007600AE061460D43910008187B
:101B1000FF2101310B50FF30FF30023003601A48C3
:101B2000656021E015072D0F354329430568EE0751
:101B3000F60F059D761E2E4209D193001818FF233B
:101B400001331F50FF30FF30023007600AE0654666
:101B5000294395002818FF2501352B50FF30FF3011
:101B60000230036008486160521C8260064901200F
:101B70000A79904020600698724602607046401CC8
:101B800008600020F0BD0000C8050004F8B50B484F
:101B9000446B066B0A4F264000250AE0E00704D09C
:101BA000A8003858002800D0804764086D1C0A2D12
:101BB00001DA002CF2D101484663F8BDC05008405C
:101BC0007833000410B504000DD00821FEF794FB13
:101BD0000120207000206070A070E07020716071A2
:101BE000A071E07110BDC046C046000010B50346AC
:101BF0000121074A0020840014599C4202D0401C55
:101C00008842F8D3884201D3C046C04610BD0000C8
:101C100038F4002070B50C0005460ED0FFF7E6FF43
:101C200027494000085A0122010A022907D28240AE
:101C3000880024494018026204E0C046C046824041
:101C4000214842612846FFF7D1FF1D498000083135
:101C50000858FFF7F1FEA078617800078907400E69
:101C6000490F08432178C907C90F08432860E07865
:101C70006179C007C00E490108430C3068602078C4
:101C800000280BD1686821790322C907C90A0843D3
:101C9000A17949059204114308436860E0792865F9
:101CA00000210A4B0A4A196059600846996084006D
:101CB000401C11510A28FAD30648D860002070BD94
:101CC00034F400200002004000000440C805000475
:101CD000783300048D1B002010B5082901D3C046BD
:101CE000C046C900091805200002081841680123F0
:101CF00093401943416010BD10B5082901D3C04677
:101D0000C046C9000918052000020818016801230F
:101D100093401943016010BDF0B585B004460A98A0
:101D20001E4617460D0006D0002804D0002E02D013
:101D30002978082901D3C046C0466168C904090E44
:101D4000491CFEF755FA00210291039143490968A5
:101D5000891C0A290BD8A978002908D021680122FA
:101D600011432160012F05D0002F53D006E0012040
:101D700005B0F0BD61681022114361607100FEF78B
:101D800037FA0646A878009070436421FEF730FACF
:101D900004900098642801D3B01C049000203246BF
:101DA00002A90126034636030191009031462046E0
:101DB000FFF770FE002003A9034601910090314611
:101DC0002046049AFFF766FE02982168A168012662
:101DD0003246824092B21143A1600B990860687844
:101DE0000128206D2978324619D08A401043206599
:101DF0002978002F28D02046039AFFF77DFF616DD8
:101E00002878032240008240914386400E43666555
:101E10000020ADE73146FEF7EBF9401EB1E78A40FE
:101E2000904320652978002F04D02046039AFFF7BD
:101E300053FFE4E72046029AFFF75EFF2978204629
:101E4000039AFFF749FFE3E72046029AFFF744FFB2
:101E500029782046039AFFF74FFFD9E7C805000409
:101E6000F0B501261D4885B0042505621C48FFF722
:101E7000E3FD0120FEF7E2FB044603A8FFF7A2FE04
:101E8000184F03A93846FFF7C5FE69464E72642015
:101E900088720D721448154D01902B46002202A93C
:101EA00000943846FFF738FF0520694608720E484F
:101EB0002B46001D0190002202A900943846FFF72E
:101EC0002BFF094C0020241F6168FEF7D9FF00207A
:101ED000A168FEF7D5FF05B0F0BD00000402004088
:101EE0000200010000500840F8030004204E0000EA
:101EF00010B51B48807AC00731D00CF02BF9194976
:101F000000238B6001220A604A68012422434A6050
:101F1000002824D0124C1448203403700221E171AF
:101F20004168491C416005F01DFD03F0D9FA06F037
:101F300041F92079401C20710C480078400703D1FA
:101F40000B480188491C01800548817942790902C2
:101F5000401C114303D0491E0171090A417110BD93
:101F60003E0D000400900040940300043003000480
:101F7000600300040122920280180029016802D047
:101F80000122114301E04908490001607047000047
:101F900010B50146054A00208300D3588B4204D077
:101FA000401C0828F8DBC046C04610BD90F3002056
:101FB00010B5002813D000210170012242708270F8
:101FC000C2700171074A8260072202734173017473
:101FD0004174C1818174C1740175417510BDC046E1
:101FE000C046000000093D00F8B516460C46050045
:101FF00070D0002C6ED0002E6CD00221FFF74CF870
:10200000002867D132462846A16800F06BF8002806
:102010005ED12846FFF7BCFF00285BDB0121890267
:102020006A1811682C4B1940E378DB07DB0E0B4371
:10203000A178C9078E0E21791E43C907090F3143C4
:102040000423194323780F26DB071B0E0B43E1897A
:1020500036023140194311602049237B40000B5464
:10206000637B401843700720400229180868032347
:102070001B041843086008680323184308608E682F
:102080001748677C0640207C3F070007000D3F0B88
:102090003843304318438860214612311AD00878FB
:1020A0004B7800071B07000F1B0E18438B78C9786D
:1020B0001B071B0D09071843090C08435060FF213B
:1020C000284600F03FF961782846FFF753FF0020CB
:1020D000F8BDFFE7C046C04642F0FFFF983100045C
:1020E000FFF0F0FF10B504000CD000290AD0002A40
:1020F00008D01046FEF77CF80A49401E884203D9F2
:10210000094810BDC046C0460121890261184A6ACB
:10211000120C12044A624A6A80B202434A620020E8
:1021200010BD0000FFFF0000E3150000FFB581B007
:1021300017460C46060005D0002C03D0FFF728FFF9
:10214000050001D5C046C04630212046FEF7D4F830
:1021500001208002301800682246400701D5164948
:1021600000E016493046FEF7BDFF154B69005A5C8A
:10217000204620300271C91849784171072149026F
:1021800071188A681205120F027389680903090F12
:102190004173E761049820620A4840570146803144
:1021A00007D0002805DBC106C90E0120884006497A
:1021B0000860002005B0F0BDCD210020592300208B
:1021C0009831000488F3002000E100E0F8B50C46E7
:1021D00000280CD0002C0AD0A16807220F27520239
:1021E00026463F0420368518002908D101E0C04664
:1021F000C046E168002902D12169002947D0214663
:1022000000F0AEF8A0680421002805D1E06800289D
:1022100002D12069002807D0E0683279D208D04086
:10222000A268002A09D00CE0A8680F22120290438D
:10223000A860286908432861F8BD2269824200D35A
:10224000696100280DD0A9680903090F491C814262
:10225000F2D9A968401E0007B943000B0143A960E9
:10226000F8BDA0680028FBD120690028F8D02169BA
:10227000A8680003000F401C8142F1D2A8682169C0
:10228000B843491E0907090B0843A860F8BD0C2193
:102290006961A968727BB9431207120B1143327B43
:1022A0001207120D1143A9600449A161E569002DCF
:1022B000ECD0236AA2692146A847F8BDE1150000C9
:1022C00070B5040010D000290ED0002A0CD013687D
:1022D000002B02D15068002806D02420405C07283B
:1022E00004D9107BC00701D0C046C0468D69AF201D
:1022F0004001854224D00B6053684B601368002B6B
:1023000000D0D3688B605368002B00D0D368CB60BB
:10231000D3684B6100230B6192688A628861072051
:102320004002201801680322120411430160416831
:1023300003221143416001690C2211430161002015
:1023400070BD000010B50C46FFF722FE01490C5489
:1023500010BD0000AC05000410B5FFF737FF10BD3D
:10236000F8B50C460546FFF713FE8446002D4CD009
:10237000002C4AD02068002802D16068002844D090
:10238000072040022B1818681821400808402246F0
:102390008646203250790121103081400F20000400
:1023A0008843117909070D090543A06A8102C90F05
:1023B0004905C0022943C00F00055F6800267F065B
:1023C00019D51D6BE668002E11D06668771C676012
:1023D0003570E668761EE6601679072E07D96668BE
:1023E0002D0A771C67603570E5686D1EE56025690C
:1023F0006D1E256101265F68BF0641D527697745B7
:102400003ED2A768002F0AD101E0C046C046276926
:102410001579ED087F1CAF40E568AF4230D8A5685C
:10242000002D16D02668771C27603678A7687F1E97
:10243000A7601779072F08D927687D1C25603F788A
:102440003F023E43A7687F1EA760A768002F0FD0FA
:102450000FE00D4F6646BE5D65467F5D36023E432A
:1024600027691579ED087F1CAF40E568AF4200D1C0
:1024700001430D4635431D6225696D1C25619CE7AE
:10248000002E9AD1F8BD0000AC05000402490148B5
:10249000886070470000002000ED00E070B57D25E9
:1024A00084B2ED0004E00CF093F9284600F006F841
:1024B0002146641EA4B20029F5D170BD70B5044652
:1024C000114810490068FDF793FE104D6043052345
:1024D00000246E420E49401E09E0A8420AD38D61D5
:1024E0004D610B610A69D203FCD50C61801900288B
:1024F000F3D170BD886148610B610869C003FCD5E8
:102500000C6170BD40420F00D8050004FFFFFF00C2
:1025100000E000E010B50548006802F01FF904482B
:10252000416A02041143416210BD0000E009000449
:102530000040084010B51B2002F004FE0248402273
:10254000C1791143C17110BD3E0D000410B5064C98
:1025500002E000BF0CF03CF92069C007F9D1E06847
:1025600002210843E06010BD0004004038B5044675
:102570000D46684602F05CFB154900229820504346
:1025800040188368002B08D08030407BA04204D1E3
:10259000009802F053FB012038BD521CEED00022FF
:1025A0009820504340188068002806D0521CF7D06D
:1025B000009802F043FB022038BD98204243501897
:1025C0008D210C542860009802F038FB002038BDA3
:1025D000C833000410B50BF0B7FE00F019FC134C23
:1025E0000020207560756060A060E0602061206060
:1025F00022460F49042000F0B3FB002815D10C48F7
:102600000068416861600169A160C169E160806A38
:10261000206107482146143841608160C160016132
:1026200001F054F9206802F068FA10BDE0090004D6
:102630000C030004FEB56D4C0E462146203100917E
:102640006B496B4B01915B1E05465F7C0120617DF0
:10265000330002F069FD192B0E2C482B2B2B2B2B52
:10266000727F9DA4ABB2B9C02B2B2B6B898E2BC76D
:102670002B00002565750098057465775C4C641E19
:10268000F80706D0657469215A48FDF735FE04F055
:102690005BFBA07A41080120E076019849000577AC
:1026A0002A0A4277F9200140A1720020FEBD0029CC
:1026B000FCD000980125057400244E4E27462320A7
:1026C00060438019C770002103F05AFC641CE4B217
:1026D000032CF4D34648F921401E4574827A0A40FF
:1026E000121D8272E1E70029E0D00099097C0029DF
:1026F000DCD03F4D6D1EF80707D0002068746921BB
:102700003C48FDF7F9FD04F01FFB0122EA76019930
:102710000020087748776277A87AF9210840801C62
:10272000A872E87940210843E871BEE7131EBDD0C6
:102730000029BBD01878E076B7E7002AB6D001218F
:10274000617510782A4AA075521E937A00200B43B7
:102750009372FEBD0029FCD01288110AD2B204295E
:10276000F7D26018C275A0E7111EF2D0A07D0870E4
:102770009BE7002AEDD01188080A042806D2090A2E
:1027800009022018C07D014311808EE70520FEBD9F
:10279000002AFCD01146284600F0CCFCFEBD002AE1
:1027A000FCD01146284600F0B7FCFEBD002AFCD044
:1027B0001146284600F022FDFEBD002AFCD011463D
:1027C000284600F0BFFCFEBD002AFCD0114628467A
:1027D00000F0D6FCFEBD002AFCD01146284600F0D1
:1027E000CDFCFEBD02F07EFA5FE70000E0090004C8
:1027F0003F0D00048D2D0004F8B5154604461E4615
:1028000000686A46062100F0CDFC68460078012881
:1028100003D0002801D00520F8BD012022460C324B
:1028200030602A601521206800F0DEF9F8BDFFB5A0
:1028300085B004460520039048880E46050AC7B2B5
:1028400004AA0621206800F0ADFC6846007C01283F
:1028500006D0002804D0022802D0039809B0F0BDA9
:10286000F0880190012D0AD0022D0CD0032D10D03C
:10287000212D16D0222D1BD0232D20D029E06A46F1
:102880000B21206822E0684607726A460C21206806
:102890001CE069468F72B08808816A460D21206865
:1028A00014E03079694608726A460E2120680DE00E
:1028B0003079694608726A460F21206806E0694649
:1028C0000F72307948726A461021206800F08CF946
:1028D0000390079800990160089801990160BCE78E
:1028E000FFB581B0154604461E46052700686A46B6
:1028F000062100F057FC68460078002802D03846D0
:1029000005B0F0BD012022460C3230602A600298EA
:10291000162100790002A081206800F065F9A189E4
:10292000A181EDE7FFB583B00446052000901D4668
:1029300002AA0621206800F035FC6846007A0128CA
:1029400004D0002802D0009807B0F0BD04982746B4
:1029500000780226C1060C37002907D0C006C00E39
:10296000002101280AD002280CD01CE03A4604219C
:10297000206800F017FC0090207B10E00020009001
:10298000A1810FE004986A4600791071D18001AAF4
:102990000521206800F006FC6A460090D088800778
:1029A000800FA0812E6005980760CCE7F8B50D4632
:1029B0000446052600686A46062100F0F3FB6846D7
:1029C000007803280ED0012805D0022803D0002863
:1029D00001D03046F8BDA878694608706A460721DC
:1029E00020680CE000220721206802F093F80028FC
:1029F000F0D10120694608706A460621206802F07D
:102A000089F8F8BD7CB50C4605460020694608707B
:102A1000052601AA0621286800F0C4FB694608794A
:102A2000012801D000283AD16078032801D1012083
:102A300008702078C10604D0C006C00E02280ED04F
:102A40002DE0608801282AD16A460D21286802F00D
:102A500061F86A461421286800F0C6F81EE0608814
:102A600000281CD1A08801070CD1694609780029EB
:102A700004D0C1B2286802F084F803E0C1B228682B
:102A800002F0C8F8684600780028286802D0221DA5
:102A9000052101E0221D062100F0C2F8064630465D
:102AA0007CBD38B50D46044600686A46062100F034
:102AB00079FB68460078012803D0002801D0052062
:102AC00038BD0020694608706A460621206802F079
:102AD00021F86888002807D10120694608706A46F5
:102AE0000621206802F016F8AA1C0321206800F0D5
:102AF00097F8AA1C0921206800F076F838BD38B58F
:102B00000D46044600686A46062100F04BFB684605
:102B10000078002801D0052038BD2879A978000266
:102B200008432246A0810C3215460421206800F09B
:102B300077F82A460A21206800F056F838BDFFB51C
:102B400081B015460E460446052700686A460621F0
:102B500000F028FB68460078002802D0384605B00F
:102B6000F0BDB088A08122460C32206814460821AE
:102B700000F018FB2C60049902220A60EFE70000C5
:102B800038B504460D46684602F052F81549002251
:102B900010010B58002B08D04018807BA04204D1B4
:102BA000009802F04BF8012038BD521CF0D00022F2
:102BB00010010858002806D0521CF9D0009802F0E5
:102BC0003DF8022038BD100140189101054A847378
:102BD0004032891881602860009802F02FF80020A8
:102BE00038BD0000C0490004F8B50C46154606463D
:102BF000694600F097F8002811D1012C08D1304621
:102C0000009900F021FA02213046009A00F008F8FD
:102C100000982A4640682146436830469847F8BDE8
:102C2000F7B582B004990127002904D0694600F065
:102C300079F8002802D0042005B0F0BD0024154D1D
:102C400021E020460C235843002103461268083334
:102C5000D3581B790E017619367BB3420DD1001D76
:102C60000901491910588B68049A03999847052857
:102C7000E2D0002805D1002703E0491CC9B202298F
:102C8000E8D3641CE4B200984268107AA042D8D815
:102C90003846D1E720EA002038B5054600246846CA
:102CA00001F0C6FF0D4821014258002A0ED00A1833
:102CB000927BAA420AD100222301C2500818426026
:102CC0008273009801F0BAFF002038BD641CEAD07E
:102CD000009801F0B3FF042038BD0000C049000493
:102CE000F8B505460E460024684601F0A1FF0C48E1
:102CF0002201815800290BD01118897BA94207D1E4
:102D0000210140583060009801F098FF0020F8BD84
:102D1000641CEDD0009801F091FF0420F8BD000084
:102D2000C0490004F8B505460E460024684601F087
:102D30007FFF0A4A20011058A84207D120018018BD
:102D40003060009801F07AFF0020F8BD641CF1D0DB
:102D5000009801F073FF0420F8BD0000C049000492
:102D6000F7B584B006980C4600281BD0002C19D06B
:102D70006068002816D069460498FFF701FF002814
:102D800011D1009A20495460049800F00BFD019085
:102D900000280AD00098006800F080F90498FFF736
:102DA0007BFF2EE0042007B0F0BD0025174F1FE089
:102DB0000C202E4646433046083000240390301D38
:102DC000029000980399406823010068DA1941587D
:102DD000127B0979914205D10299FB584218811959
:102DE00004989847641CE4B2022CEAD36D1CEDB23F
:102DF00000984068007AA842DAD8009801680698DE
:102E000001600198CFE70000E92B002020EA0020B4
:102E100010B50220FDF712FC01460220FDF74AFB27
:102E200003480168012212069143016010BD0000B1
:102E300000050040002805D0C368002B04D05B6962
:102E4000806818470320704706207047F7B58AB09E
:102E5000002702970397486805260D46401C7DD041
:102E6000002AFCD00092946804AA06210A9800F077
:102E700099F9287A002873D0686808286ED12868E4
:102E80000028ECD0418861808188A180C288E280DE
:102E9000417861700078207043069B0F11D00121AA
:102EA000002A35D0020633D4820616D508A8069724
:102EB00001700594E088079005AA0A98FFF7B0FE14
:102EC00018E0484889004558002D41D003AB02AABC
:102ED00021460098A84706463AE0400638D508A89B
:102EE000069701700594E088079005AA13210A98B7
:102EF000FFF77AFE0600079803900698029027D104
:102F00000246E38800210A9801F0F1FD0DB0F0BD02
:102F100082060BD508A8069701700594E0880790F3
:102F200005AA01210A98FFF77BFE0CE040060FD5A9
:102F300008A8069701700594E088079005AA132158
:102F40000A98FFF751FE06460798039006980290EC
:102F500003A902A80023019100903BE040E0FFE7B5
:102F60006846007C032817D06868002838D0E088BD
:102F7000002835D02078010632D4810616D528687D
:102F8000069008A8077005946868079005AA0121B3
:102F90000A98FFF745FE17E0607803AB81001148FF
:102FA00002AA455821460098A84718E040060CD5CB
:102FB0002868069008A8077005946868079005AA15
:102FC00013210A98FFF710FE064603A902A8012361
:102FD00001910090324621460A9800F005F8064615
:102FE000304693E700E8002070B50C460546012105
:102FF000049E0598052A16D0E18802688A4200D905
:103000000160036800212846326801F07CFD002839
:1030100008D12178C90905D000231A461946284647
:1030200001F065FD70BD20784206920F07D00006C2
:1030300005D4E088002802D0002B00D10021C9016E
:10304000284601F09EFD70BD30B585B0054612489A
:10305000039102900120694608710024CC70802001
:1030600088704020088002AA284600F00DFC002845
:103070000DD16846847002AA6946284600F004FC17
:10308000040006D08021284600F01BF8204605B039
:1030900030BD0020FBE700004D2E002010B50400DD
:1030A0000DD0E068002805D0A26841681046884726
:1030B0000020E060204600F021F8002010BD032031
:1030C00010BD73B56946097904460D072D0FCE0969
:1030D00000280FD001AA0321FFF7ACFE052D0BD26B
:1030E000690031430C230022594309194A618A615E
:1030F0000A777CBD03207CBD04207CBD38B5044626
:10310000684601F095FD0020A0608034607300984F
:1031100001F094FD002038BD087A002801D0052078
:103120007047034808606D20486000207047000029
:1031300080000004024808601220486000207047A8
:1031400040000004087A0922002807D0012807D08F
:10315000022808D0032809D005207047064807E058
:103160000548193004E00448323001E002484B3091
:1031700005C1002070470000920000040520704740
:10318000087A032809D8064A800012580A60044ABF
:10319000103A105848600020704705207047000022
:1031A0000001000470B504460120002A0CD0254619
:1031B000891E80350B0001F0B7FF0C090B13150DAC
:1031C0001017080808081C08042070BD0F210CE027
:1031D00010210AE00020A97B0DE00020297B0AE0F5
:1031E000062102E0072100E009212046FFF722FE28
:1031F00070BDE97B0020117070BD0000F0B58D7AC4
:10320000144F002D0DD000200E89BB6803220C2422
:10321000444308341C5BB44207D1032D09D22A462B
:1032200007E03868086078680FE0401C0006000E70
:10323000EDD0032A0CD00C2460431B5892009B58FD
:103240000B60BB68001D1858805848600020F0BD16
:103250000520F0BD1001000410B5040009D000F0F5
:103260000AF801460020206060602073A0730846C1
:1032700010BD032010BD70B50546806801210028EF
:1032800001D0002409E0084670BD8068A100415CBF
:103290002868FFF716FF0146641CA8680279A2425D
:1032A000F3DC0020A860EEE7F0B50446007B0025C3
:1032B000012185B0002857D06268926853799842FE
:1032C00052D81268002A4FD0C00008381618327839
:1032D0000020944607E00C27034672687B43D75CC6
:1032E000032F07D0401C8445F5DC002D3CD0002680
:1032F000A56036E01E1D0020B446361D965DB6461C
:103300000CE06746D6590701F65DA77BBE4204D1A3
:103310006546555900012D1802E0401C8645F0DC39
:10332000DB1CD05C6073E0E700206B461871A96875
:10333000B0000A5C9A70831CA968401CCF5A6B4687
:103340001F80085CD870D00901D0094800E0094806
:103350000394029002AA1946206800F095FA0146EB
:10336000761C2879B042DFDC084605B0F0BD0000CD
:1033700091350020BB350020FEB504460120002A0F
:103380000AD0002C08D000260B0001F0CDFE070665
:1033900061070C1D314906000320FEBD26736674CB
:1033A000A674A660FEBD616815460029FAD02A7889
:1033B000217B8A42F6D0002902D02046FFF75BFF2E
:1033C00028782073A6730FE061680029EAD011887D
:1033D000627BCDB2090A8A42E4D1A17BA942E1D045
:1033E0002046FFF748FFA5732046FFF75DFFFEBDAF
:1033F00061680029FBD0A1680029F8D01646002595
:1034000009E08968AA008A5C31788A4202D1206882
:1034100001F0B7FB6D1CA1680A79AA42F1DCFEBD80
:1034200061680029FBD0A1680029F8D01646002564
:1034300009E08968AA008A5C31788A4202D1206852
:1034400001F0E8FB6D1CA1680A79AA42F1DCFEBD1F
:10345000116815460A78D206D20E012AF7D10B79E7
:10346000627B9342F3D14E7822460F32501C3300D8
:1034700001F05AFE0C5F07181C5F5F5F5F5F254A13
:10348000585F48886946000A087228686A4680784A
:103490004872286800798872A868019060680321E2
:1034A00003681FE060681646036803E0616802462F
:1034B0000B6806460421204698476E60FEBD48888A
:1034C0006946000A0872286880784872286800797E
:1034D0008872287B00280CD0A868019060680A4692
:1034E0000368092120469847009969600199A960FD
:1034F000FEBD68680090A868019060680A4603688D
:10350000062120469847FEBD4888000AE07360689F
:103510000721036820469847296889880029F2D046
:1035200000BFFEBD89782174616802460B680821DE
:10353000E7E70520FEBD0000F8B51646024600206C
:10354000124B0F460546142141435958002915D006
:10355000401C0428F7D3022000280ED12146104633
:10356000FFF7BEFB002808D1206800280BD0676059
:103570002573FF21A17328463460F8BD1421484308
:10358000C4182846E8E70320F8BD00008034000492
:10359000104610B5012200280DD000234374436863
:1035A000002B06D01B68002B03D00A460121984748
:1035B0000246104610BD032010BD104610B5012272
:1035C00000280DD0002383744368002B06D01B68AD
:1035D000002B03D00A46022198470246104610BD30
:1035E000032010BD00B501200B0001F09DFD0A1D58
:1035F000061D1C1D1D1D1D1D111D0C49C968497D81
:10360000002911D00A490020C8700A49C8700AE090
:10361000107A022807D1907A022804D15068012834
:1036200001D105481060002000BD0000F802000430
:103630007E0300047A030004EC03000400B50120BB
:103640000B0001F071FD020C020C05494968497D2F
:10365000002904D00349002048700349487000BD88
:10366000F80200047E0300047A03000410B5012070
:10367000124C0B0001F058FD0A1406141F1414110B
:10368000141415140D498968497D002908D00C4986
:10369000002088700B4988700DE00B4A617811702A
:1036A00010BD107A022806D1907A022803D1506802
:1036B000022800D11460002010BD0000F8020004B0
:1036C0007E0300047A030004EC030004F8B5012033
:1036D0000826254D254C0B0001F026FD0A0B060B94
:1036E0000C0B0B220B0B380B21490969497D002972
:1036F00037D1F8BD107A032833D1907A032830D11E
:1037000050685A282DD11560A879052801D00628BF
:1037100027D12878012824D1A07A3043A07220E054
:10372000107A03281DD1907A03281AD150685A289C
:1037300017D1A77A380714D45A220E490A48FCF741
:10374000C2FD012028703743A7720AE0107A0328CF
:1037500007D1907A032804D150685A2801D105482E
:1037600010600020F8BD0000E40C00043E0D0004D1
:10377000F80200048009000410B5002806D0447C3B
:10378000002C05D000214174022010BD032010BD83
:10379000006801F0B8F90028F9D000BF00BF00BFF1
:1037A00000BF10BDF8B5002514460F46064600952B
:1037B000002A26D06946FEF7D9FE002822D10098BB
:1037C00007618030467305730574002108460C229A
:1037D0005043009A491C82185561009A82189561DD
:1037E000009A801805770A29F0D3009806270C3034
:1037F000042E08D0052E06D0062E04D0072E05D1A3
:1038000001E00320F8BD1F4900270160002F04D00C
:103810000098FFF773FC3846F8BD0099C868002887
:1038200020D00268002A22D04268002A1FD0826875
:10383000002A1CD0C268002A19D00269002A16D0BA
:103840004069002813D021600099C8680A460368BF
:1038500008323046984706000ED00098FFF71EFC4D
:1038600025600DE00846FFF749FC0620F8BD084634
:10387000FFF744FC0720F8BD0098022180308173D7
:103880003046F8BD34E8002070B5002819D0002972
:1038900019D0002A17D08C7823071B0FE509052BB8
:1038A00011D25B002B430C256B431B1814685C6121
:1038B00052689A6100221A770A460221FFF7BAFA83
:1038C00070BD032070BD042070BD000038B519A084
:1038D0000068009068460078002340B2FF2400286A
:1038E0000CDB82081449920051180D688207D20E31
:1038F0009440A54393401D430D600EE00107090F5E
:1039000008398A080D4992005118CD698207D20EF4
:103910009440A54393401D43CD610146803107D0BB
:10392000002805DBC106C90E012088400449086053
:1039300038BD00001C00000000E400E000ED00E0E5
:1039400000E100E0F3B585B00F46059D3807C10ED4
:1039500080203840C0090E183146284600F032FC5D
:103960000446A08AC004C00F00287DD00020049027
:10397000FF2029304059406A0121B1400840002809
:103980000CD001200490FF2029304059406A0121C9
:10399000B1408843FF2129314959486200BF60691D
:1039A0004002800F022808D103214905606988433D
:1039B000012149054018606104E00321490560695F
:1039C00088436061FF202930405940690121B1409E
:1039D0000843FF2129314959486100BFFF202930A0
:1039E000405940690121B14008400028F6D1606982
:1039F0004002800F00282AD0FF21293149598969C6
:103A00000122B2401140F140C9050122D205114006
:103A100008466169914301436161114660698843C9
:103A200061690902C90F01225140C905D20511403F
:103A300008436061FF2029304059806961690902AB
:103A4000C90FB1400843FF21293149598861606994
:103A50004002800F0028A2D10498002812D0012033
:103A6000B040FF21293100E042E049590862FF20BF
:103A700029304059406A0121B1400843FF212931D2
:103A8000495948620020C04302902068019068466E
:103A90000773002141730121090360698843606154
:103AA000FF212931495989690122B2401140F14071
:103AB000C9050122D20511400846616991430143BD
:103AC0006161FF212931495989690122B2401140C0
:103AD000F14009060122120611400846616991432E
:103AE00001436161FF212531485901A900F0F0FF30
:103AF000002007B0F0BD0000F7B584B01446049D67
:103B000001200390049D002D02D1032007B0F0BDD9
:103B1000FF202530405902900598030001F004FB76
:103B2000140B17232B343D4650748788DFDFDFBF2B
:103B3000D4DDDEDFB5DFFF202930405900680121E8
:103B400009040843FF21293149590860C8E0FF20D2
:103B5000293040590068012109048843FF21293197
:103B600049590860BCE0002C04D02146284600F0EA
:103B700020F90390B4E0002C05D027783946284678
:103B800000F0DCF80390ABE0002C05D02778394634
:103B9000284600F00CFA0390A2E0002C05D027780C
:103BA0003946284600F041FA039099E0002C06D0EF
:103BB00002988030C07B40002080002003908FE07E
:103BC000002C20D00094009C20780007000F0528CE
:103BD00018D2009800780007C20E00980078802361
:103BE0001840C0091118284600F0ECFA019001981D
:103BF000808A0005C00F0121484048400099488054
:103C00000020039000BF6BE0002C0FD02778FF202E
:103C1000293040590668F609F6017806400E064339
:103C2000FF202930405906600020039058E057E0FB
:103C3000FF20293040590068012149020843FF2133
:103C4000293149590860FF20293040590068012175
:103C500049048843FF2129314959086000BFFF20EA
:103C60002930405900680121490408400028F6D154
:103C7000FF202930405900681B490840FF212931A5
:103C800049590860002003902AE0FF20293040595C
:103C90000068012109050840000D207020E0002681
:103CA0000AE080203043C1B2284600F047F8F1B264
:103CB000284600F043F8761C052EF2D3284600F083
:103CC00063FC002003900BE0002C05D0FF20333074
:103CD000405D20700020039002E001E000E000BFA2
:103CE00000BF039812E70000FFFDFFF038B505465E
:103CF0002C46002D01D1032038BD0E49FF2029306C
:103D0000005901620021FF20293000594162002042
:103D100000906A4608212046FFF7EEFEFF2029307A
:103D20000059006804490840FF21293109590860F9
:103D30000020E1E7FFFF00C07FFFFEFFF8B505466A
:103D40000F463807C10E80203840C0090E18314692
:103D5000284600F037FA044639462846FFF7F2FDB8
:103D600000BF012000280BD07010002806D0A08AC8
:103D70004205520D2846216900F011FE0020206105
:103D8000FF202930405981690120B0408143FF2044
:103D900029304059816101218907FF202D30405988
:103DA000F200104301606069C00AC0026061002037
:103DB000F8BDFEB506460D46A8780007C10EA878E6
:103DC00080221040C0090F183946304600F0FAF939
:103DD00004462888019000206061FF202930805926
:103DE00080690121B9408843FF21293189598861BF
:103DF0006069C00AC00201994905490D0843606124
:103E0000012149036069884329794903012252034A
:103E10001140084360610321490660698843E978DD
:103E2000490603225206114008436061E8780128E0
:103E300008D11F2109046069884301210904401841
:103E4000606104E01F210904606988436061606962
:103E5000C002C00E8006FF212D318959FA0011439E
:103E60000860A8780007000F00280ED1A8788021EC
:103E70000840002815D170688002010CFF202D3009
:103E800080590422104301600BE06069C002C00E3B
:103E90008006FF212D318959FA0011430422114374
:103EA0000860781000280ED01F210904606988433B
:103EB0006169C902C90E0422114309041F221204B8
:103EC000114008436061002020617810002802D171
:103ED0003068206110E000BF012000280CD030467F
:103EE000019900F005FD00900098002801D10C20F8
:103EF000FEBD0098206100BF0020F9E7FFB583B048
:103F000005460C461E460C9F01A800F091FE0121BB
:103F100009036069884340186061E068C019E06087
:103F2000002002900298410020461830405AC00AF2
:103F3000C0027905490D084302994A00214618310B
:103F40008852002E00D1AE686069C002C00E8006A3
:103F50000121C907401839040843B102090C014383
:103F6000FF202D304059059AD2001043029AD20703
:103F7000520F104301606069C002C00E0421084066
:103F800000280ED01F210904606988436169C902B5
:103F9000C90E0422914309041F2212041140084350
:103FA0006061019800F04AFE002007B0F0BDF8B54E
:103FB00006460D462807C10E80202840C0090F186C
:103FC0003946304600F0FEF804460121C902606916
:103FD0008843401860618904FF202D308059FA0021
:103FE000104301602807000F002818D01F21090482
:103FF000606988436169C902C90E0422114309043A
:104000001F22120411400843606101214907FF206B
:104010002D308059FA0010430422104301602946D4
:104020003046FFF78FFC0020F8BDF8B506460F4676
:104030003807C10E80203840C0090D182946304687
:1040400000F0C0F804460121C9026069884360613C
:10405000FF202D308059E9000843006801214907FD
:104060008843FF212D318959EA0011430860380740
:10407000000F002820D0FF202D308059E900084390
:10408000042108430168012040078143FF202D30AF
:104090008059EA0010430422104301601F210904E3
:1040A000606988436169C902C90E114309041F226E
:1040B0001204114008436061A08A4004C00F002828
:1040C00009D0012189036069884360612A4621463D
:1040D000304600F011FB0020F8BDFFB583B00C4660
:1040E00000200190E16820684618E1686068471A7E
:1040F000A08A4005400DB84202D2A08A47057F0D34
:104100000198410020461830405A0121C9028843D5
:1041100001994A002146183188520598C507ED0FCC
:10412000002F3ED0B006800E00280AD1B10D8905BF
:104130000398FF300130806AC068800D800581429D
:104140002FD00198410020461830405A0121C90261
:104150008843411801984200204618308152206956
:104160000290002D19D0B007800F00280CD1002537
:1041700005E0A8003158AA00029881506D1CF81C77
:104180008008A842F5D80BE0002503E0715D029895
:1041900041556D1CBD42F9D302E0A08A47057F0D51
:1041A000029E0398FF302130407C002808D133461E
:1041B00000972146059A0398FFF7A0FE07B0F0BDCF
:1041C0000120FBE702460A2905D81C204843134674
:1041D0000C33C01870470020FCE70000FEB5054610
:1041E0000E46174600243548006801903348001DEC
:1041F00000680090042D04DB281F012801DA002844
:1042000001D00620FEBD281FFF21453148432C491F
:104210004418281F80012B4940182060281F800166
:10422000294940186060281F800128494018A06073
:10423000281F800069460958FF202D300151281F92
:10424000800001A90958FF2029300151FF20313099
:10425000055500BF0120002808D0281F052189022C
:1042600048431B494118FF2035300151002506E025
:1042700000212046FF3039304155681CC5B20A2D57
:10428000F6DBFF2029300059006812490840FF2161
:10429000293109590860204600F076F9FF202930BD
:1042A0000059006880210843FF212931095908601D
:1042B000FF20253006513C600020A3E718EA0020CB
:1042C000000700040049000440490004804900043C
:1042D000003500047FF7FEFF3EB504460121FF20B4
:1042E000323001550021401C015500200090102162
:1042F0006846017200200190002168464172FF214A
:1043000025310859694600F0E3FB3EBD3EB5044641
:1043100000200090122168460172002001900021C7
:1043200068464172FF2125310859694600F0D0FBEB
:1043300000203EBD3EB50446002000901121684695
:10434000017200200190002168464172FF21253151
:104350000859694600F0BCFB00203EBDF0B587B0AF
:1043600004460E46174631462046FFF72BFF05460A
:10437000002F06D1A88AC004C00F002801D107B0C1
:10438000F0BD002F59D00820059060680490A88ADD
:10439000C004C00F002810D00121090368698843B8
:1043A0006861FF202D3000590068C00FC007002849
:1043B00003D000212046FFF7C5FAA08FC004C00F2C
:1043C000002810D001210903E06B8843E063FF203F
:1043D0002D3000598068C00FC007002803D080210D
:1043E0002046FFF7AFFAFF202D3000590068052165
:1043F00049078843FF212D3109590860FF202D30DE
:104400000059082108430068052149078843FF2116
:104410002D3109590822114308600321FF2029305A
:1044200000590162FF2029300059006851010843FA
:10443000FF2129310959086063E000200390FF2023
:104440002D300059F1004058C00FC007002800D09F
:1044500095E7002332462946204600F0F3F8039002
:10446000A9686868401A02900398002810D0A88AAA
:104470004105490D0398FBF7BBFE002908D10298BE
:10448000002805D032462946204600F035F976E767
:1044900001210903686988436861A8680590286854
:1044A0000490F007C00F00282BD00398002828D0D4
:1044B000A88A4105490D0398FBF79AFE002920D1EF
:1044C000701000280FD1606801900198C088696859
:1044D000884216D900200346012229460090204632
:1044E000FFF70CFD4BE7A88A8004C00F002808D016
:1044F000002003463246294600902046FFF7FEFC86
:104500003DE769464F767010F107090E084369468A
:104510000876FF212531085904A900F0D9FA00BF17
:104520002DE7F8B504460D4616461F463B46324673
:104530002946204600F001F8F8BDFFB583B00646D5
:104540000D46174602962807C10E80202840C00954
:104550000818019001990298FFF734FE0446A08ADA
:10456000C004C00F002802D0012007B0F0BD002019
:10457000A0602760069860600020E0602146019AF4
:10458000029800F0B9F8F0E738B50446002500BFFE
:1045900006E00021FF202D300059AA0081506D1C3B
:1045A000042DF6D3042507E001218907FF202D30D3
:1045B0000059AA0081506D1C142DF5D300200090E5
:1045C0006A4608212046FFF797FAFF202D3001594F
:1045D000001F00598160FF20293000596168C160C7
:1045E0000021FF20293000598161FF202930005926
:1045F0004161FF2029300059C1610749FF2029305E
:1046000000590162FF202930005941620021FF203A
:104610003230015538BD0000FFFF00C03EB50446F2
:1046200000200090182168460172002001900021AE
:1046300068464172FF2125310859694600F048FA61
:104640003EBD0000FFB50C460025029EF607F60FA2
:10465000002E14D1009EFF360136B66AB768029E5E
:10466000F600BE19AF00F059224E0640300C6E0025
:1046700027461837BE5B7605760D301A05E06E00CA
:1046800027461837BE5B7005400D6E002746183769
:10469000BE5B3605F60F002E27D0002825D0029EDF
:1046A000F607F60F002E20D1A7682668F2192369B5
:1046B0009607B60F002E11D1002104E08E009E59FE
:1046C0008F00D651491C86088E42F7D8890002E037
:1046D0005E5C5654491C8142FAD306E0002102E098
:1046E0005E5C5654491C8142FAD3A6683618A6600F
:1046F00004B0F0BD0000FF03F8B506460C461546B1
:104700000127684600F094FAA08A0005C00F00282F
:104710000ED06810002805D0B9036069884340189E
:10472000606100270127009800F088FA3846F8BD3C
:10473000009800F083FAE1686068884204D86068F5
:10474000002801D00020F2E700232A462146304607
:10475000FFF7C3FC07463846E9E70000FEB5074609
:104760000197002F00D1FEBD01988468FF202930F9
:104770000059066AFF20293000590662FF202930BF
:104780000059406A0640FF202930005940680F2137
:10479000C90208400090F00FC00700282CD0FF206D
:1047A000293000590568FF21013128468843054614
:1047B0000F2000062843FF212931095908600120F4
:1047C00080062840002802D02046FFF785FD012002
:1047D0004006284000280FD0FF20293000590068EB
:1047E000012149040840002803D02046FFF7A2FD1C
:1047F00002E02046FFF78AFDB0B200284ED0002527
:10480000F007C00F00283AD0FF2029300059006877
:10481000FF2101310840002831D00225208C0005FD
:10482000C00F002804D1A08F0005C00F002820D0A1
:10483000FF202D3000590068052149078843FF21DA
:104840002D3109590860FF202D30005908210843F7
:104850000068052149078843FF212D3109590822A5
:10486000114308601102206A88432062E06B88438C
:10487000E063012200212046009BFFF76FFD0BE063
:104880000120A8403040002805D0E9B2002220468F
:10489000009BFFF763FD6D1C0A2DF1D301208007FB
:1048A000304000281DD02046FFF7B8FEFDF720FB62
:1048B000012014E00C49095C002905D00A49095C73
:1048C000491E094A115408E00849095C002904D02E
:1048D0000021064A1154044A1154411CC8B203284D
:1048E000E8DD00BF3FE700007A0300047E03000418
:1048F000F8B507460C4620463F3084090025684637
:1049000000F096F900BF002617E0502D04D3009860
:1049100000F094F90020F8BDE9083846FF3039303E
:10492000405C6A07520F012191400840002801D0E5
:104930006D1C04E06D1C701CC6B2A642E5D300BF1E
:10494000A642E0D3A64225D3002617E0281B8019F3
:10495000C1083846FF303930405C291B89194A07A5
:10496000520F01219140C9B20843291B8919CA0875
:104970003946FF3139318854701CC6B2A642E5D39E
:10498000009800F05BF9FF203530C059291B8901E0
:104990004018C0E7009800F051F90020BBE7F7B5D8
:1049A00082B004460E46FF2035300059B04207D889
:1049B000FF2035300059052189024018B04201D846
:1049C00005B0F0BDFF2135310959701AC117890EA4
:1049D00009188F1101A800F02BF9002513E07819B0
:1049E000C1082046FF303930415C78194207520F28
:1049F0000120904081437819C2082046FF303930A9
:104A00008154681CC5B204983F308009A842E6D89A
:104A1000019800F013F900BFD2E7FEB50B7A01222E
:104A20001D072D0FDE090024102B1DD0112B3BD0AC
:104A3000122B3DD0182B3FD0052D47D26B003343AE
:104A40000C256B431B185D69002D3FD00A6800924E
:104A50004A6801924A7A6D462A72497A00292FD013
:104A6000047728210C542CE0064635460120803579
:104A70002874EC7300220E213046FEF7DBF9022089
:104A8000A8732C7300210C20484380194461846171
:104A9000491C04770A29F6D30022336901213046E4
:104AA000984722462C7411E00022022103690BE092
:104AB00000220321036907E000221821036903E0B3
:104AC0001C779A695B692946984702461046FEBDE5
:104AD00010B5002907D0002805D00269002A04D0AB
:104AE000FFF79BFF10BD032010BD012010BD10B5C6
:104AF0000907090F00F053F810BD10B50022114648
:104B0000FEF798F910BD090710B5090F803100F0C4
:104B100046F810BD70B504462546C91E01208035F3
:104B20000B0000F001FB0C071818090E18182729B4
:104B30001D211F18112120E0002A0CD0002011781F
:104B400008E0A97B032907D0002A04D011780020AF
:104B500029730321A97370BD22468C3208210CE011
:104B60000A210AE00B2108E0002AF4D01178002085
:104B7000E97370BD0C2100E00D212046FEF75AF9C3
:104B800070BD13B5694609790907090F052904D2D3
:104B900001AA0421FEF74EF91CBD04201CBDFFB57F
:104BA0000A070D46120FC90981B01F4604460028A6
:104BB0000DD0E06800282AD0500008430C2148435B
:104BC0000619307F002804D0022005B0F0BD032074
:104BD000FBE7684600F02CF801203077009800F0E1
:104BE0002DF82806E168A06801D58C6800E0CC6843
:104BF0003B462946039AA047040009D0684600F0C6
:104C000017F800203077009800F018F800E006242C
:104C10002046DAE713B5694609790907090F05291E
:104C200004D201AA0521FEF705F91CBD04201CBD14
:104C3000EFF3108172B6016072B6704780F310888E
:104C40007047000010B572B61B2000F07BFA1B20E5
:104C5000FCF750F9094801680122D20611430160AE
:104C60000748FBF7F3FB074801684122120691430E
:104C700001600548FCF720FE10BD000080060040E2
:104C80000011100000050040001BB70010B5002007
:104C900009F098FB1249FF20086309F049FA02F075
:104CA00071FC09F069FD02F05FFB09F0CBFA02F03C
:104CB00025FC09F09DF802F0C9FE07F08BFA09F017
:104CC00043FB02F099FE02F03FF89620FDF7E6FB69
:104CD00008F0AAF801220721002002F065FB10BDB0
:104CE000C001004010B511484168491C416041684D
:104CF000CA070146096902D00268002A03D0426847
:104D0000D20708D00FE0012202604868022318434E
:104D100048604A6007E00268002A04D000224A6026
:104D20000260FBF757FF002010BD0000DC05000407
:104D300010B502F053FE07F0AFF90F480021C17122
:104D400008F028F90D4800F05DF909F06FFA00222B
:104D50000721104602F028FB1120FCF7C1F81220B1
:104D6000FCF7BEF80648416804229143416041685F
:104D700040221143416010BD5E0D000400C00040A0
:104D800040000240FEB5454E717F344600250620A6
:104D90002034002904D07577217C002900D02074AC
:104DA000217C0B0000F0C0F90614040D1565757820
:104DB0003B48807AC0076FD0012009F063F80220D9
:104DC00067E03748417CC90702D103212174C571CE
:104DD000FEBDFFF7ADFFF07E002821D035773148CA
:104DE00000900025FF20093001902F4800680746F9
:104DF000FCF758FA002238462C4B1146FCF772FAA1
:104E0000A900684643583846DA432946FCF7C6F9F4
:104E10000121284609F04EFC6D1CEDB2022DE4D3B1
:104E2000012009F0CFFAFFF70DFFFDF78FFB0022FD
:104E30000A213068FFF76EFE194D30BF09F0C8FC3B
:104E400062B6E8790028F8D0FFF720FFF07E00284E
:104E50001ED01748FCF7A8F91648FCF77FFC022083
:104E600000F094F9042000F091F9052000F08EF98B
:104E70000EE0317F00290CD03577F07E0525002823
:104E80000AD000220C213068FFF744FE002803D02E
:104E900004202074FEBDFFE72574FBE7E009000451
:104EA0003E0D000403016C60D4F1002099E600205F
:104EB00000200040004000400248024A0168526859
:104EC00001481047C005000400E0004010B5002173
:104ED000016000F017F808494000085A0122010A51
:104EE000022905D28240880004494018026410BD9E
:104EF00082400348826110BD2EF400200002004071
:104F00000000044010B50146064A00208300D35833
:104F10008B4202D0401CF9D001E0002801D0C046ED
:104F2000C04610BD30F4002001224260002900D0AC
:104F30000847704710B5FFF7E5FF0C494000085AD5
:104F40000122010A022905D282408800084940183E
:104F5000026202E0824007484261012106480905D9
:104F6000016307490548486010BD00002EF4002089
:104F7000000200400000044000060040294F0020CD
:104F8000C0050004F8B51C4615460E460746FFF757
:104F9000B9FF054A8100545004490856FBF7AAFF9F
:104FA000F00728433860F8BDC00500042CF4002049
:104FB00070B50C4D2C680C20044060070BD5286898
:104FC0004008400028600421284600F00DF82868B9
:104FD000012108432860200703D50821284600F056
:104FE00003F870BD00C0004010B5026808239A4362
:104FF0004C0701D50424A243090700D51A430260D7
:1050000010BD000010B5016849084900016000F0BA
:1050100029F808494000085A0122010A022905D24C
:105020008240880004494018026410BD8240034851
:10503000826110BDB0F30020000200400000044077
:1050400010B500280AD00121017000214170817043
:10505000C170034A42608260C16010BDC046C04654
:10506000FFFFFF0010B503460121074A002084001E
:1050700014599C4202D0401C8842F8D3884201D384
:10508000C046C04610BD0000B4F3002070B50C004F
:1050900005460ED0FFF7E6FF1B494000085A0122E3
:1050A000010A022907D2824088001849401802628A
:1050B00004E0C046C0468240154842612846FFF7DA
:1050C000D1FF1149800008310858FCF7B5FC207861
:1050D0006178C007C907C00F890F0843A178C907C5
:1050E000C90E0843E178C907890E084361680902BF
:1050F000090AA961A1680902090A6960A1898905EB
:10510000890D6961286070BDB0F300200002004085
:1051100000000440EFF3108172B6AA22826055228B
:10512000826081F31088704730B47446641E25781D
:10513000641CAB4200D21D46635D5B00E31830BCCB
:1051400018470000002805DBC106C90E0120884071
:10515000014908607047000080E200E0002805DB9C
:10516000C106C90E0120884001490860704700004F
:1051700080E200E0002805DBC106C90E012088405E
:10518000014908607047000080E200E0002809DB68
:10519000C106C90E0120884003490860BFF34F8F44
:1051A000BFF36F8F7047000080E100E08307FF22AC
:1051B000DB0E9A408907090E9940002808DB830816
:1051C00009489B001818036893430B43036070471A
:1051D0000007000F0838830804489B001818C369AB
:1051E00093430B43C361704700E400E000ED00E02F
:1051F000BFF34F8F04490348C860BFF34F8F00BF10
:10520000FDE700000400FA0500ED00E002E008C838
:10521000121F08C1002AFAD170477047002001E030
:1052200001C1121F002AFBD170470000F8B50746E4
:105230001E460C461546104602F02EFD00284CD0A6
:10524000284600F087F9002847D12C204443234802
:1052500024182570280A6070E670A770A11D002030
:10526000FBF75FF821460E310020FBF75AF8214684
:1052700012310020FBF755F8214616310020FBF7CC
:1052800050F821461A310020FBF74BF8002020711E
:105290001248214621380A31807E0E46FBF741F83C
:1052A000010000D101203146FBF73BF80126667171
:1052B000284601F035FE21462331FBF732F8284617
:1052C00001F05CFE21462731FBF72BF821461E3109
:1052D0000020FBF726F82034E672F8BDA41B00047A
:1052E00010B50F480024C4720E48FF21C078653104
:1052F00048430D49D02241180C48AB31FAF7E3FF7F
:105300000A4A00204E3A06214143545489184C70F1
:105310008C70401CCC70C0B24C710D28F3D310BD02
:1053200024030004710D0004950D0004660A0004B6
:1053300070B52C2148430949441812342046FAF725
:10534000E6FF05463F2805D0681C2146FAF7E9FF2D
:10535000284670BD21460020F8E70000A41B000489
:1053600001462C225143044A002089184979012919
:1053700000D1012070470000A41B000470B5574CF9
:1053800090231D2200212046FCF7DDF900221D217B
:10539000104601F0CFFF90231E2200212046FCF78B
:1053A000D2F900221E21104601F0C4FF90230822EA
:1053B00000212046FCF7C7F900220821104601F021
:1053C000B9FF9023162200212046FCF7BCF90022E9
:1053D0001621104601F0AEFF902303220121204642
:1053E000FCF7B1F900220321012001F0A3FF002204
:1053F000902311462046FCF7A6F9002211461046DC
:1054000001F098FF9023152200212046FCF79BF91C
:1054100000221521104601F08DFF90231222002159
:105420002046FCF790F900221221104601F082FF7D
:105430009023132200212046FCF785F90022132136
:10544000104601F077FF9023012200212046FCF74F
:105450007AF900220121104601F06CFF9023072207
:1054600001212046FCF76FF901220721104601F0C7
:1054700061FF9023082201212046FCF764F90022F5
:105480000821012001F056FFFF2581352B46062219
:1054900000212046FCF757F900220621104601F0B2
:1054A00049FF2B46052200212046FCF74CF900223B
:1054B0000521104601F03EFF9023072200212046DF
:1054C000FCF741F901220721002001F033FF0122FE
:1054D0000721002001F068FF70BD000000100040AF
:1054E00070B51A491A4DCC680020062102464A437D
:1054F000AB5C990711D551198E78002E0DD023463B
:10550000C3404A78DB07DB0F9A4202D0761E8E70CA
:105510000DE0CA78521CCA7009E02146C140C90793
:105520000AD051194A78002A01D0DA070AD0401C63
:1055300040B20B28D9DB70BD51194A78012AF6D048
:10554000DA07F4D08A78521C8A70F0E7240300044A
:10555000180A0004F0B5154E2B235B01F318002246
:105560005C7E1B7E07462502104611461D4318E04F
:105570000E234B439C19637824781B0223435C045D
:10558000640CBC4207D10E22514389194978C909DC
:1055900000D00120F0BD5B0401D1521C92B2491C25
:1055A00089B2AB188B42E3D8F0BD0000231600048B
:1055B000F8B5364A06460020537E127E1B02054689
:1055C000014613435CE00E220C465443304AA418B3
:1055D0006278277812023A4357047F0CB74249D1C8
:1055E0000E2041432A480818C17880780E020643ED
:1055F0001AD0201DFAF78BFE81B2300200F0AAF912
:105600000646201DFAF783FEE178A27809021143CD
:105610000902401801786A4611704078507010886D
:10562000864201D1012501E0002D2CD0607A217A3B
:1056300006020E4327D020460A300746FAF767FED7
:1056400081B2300200F086F905463846FAF75FFE6F
:10565000617A227A090211430902401801786A46E8
:105660001170407850701088854201D101250AE000
:10567000002508E0520401D1401C80B2491C89B2C7
:105680001A188A429FD82846F8BD0000831B0004E0
:105690002316000470B5214CE079012837D1E08948
:1056A0001F49401C80B2E0814A7E0B7E11021943E3
:1056B00000261C4D884202D92AE0401CA081A08906
:1056C0000E21414349194A780B78110219434904C4
:1056D00001D16428F1D380B20E21484340194178AA
:1056E0000278080210434004400CFFF761FF0028D5
:1056F0000DD1A0890E214843401941780278080253
:1057000010434004400C2082E6710320A07170BD5C
:10571000E6712682E681A6810220F7E730040004C4
:10572000831B00042316000470B50E4C2B2252017B
:10573000A218537E0021127E1B02084613430CE080
:105740000E2242431219557816782A023243520427
:1057500001D1491C89B2401C80B25A188242EFD84C
:1057600070BD00002316000410B503480078C00780
:1057700001D008F09BF910BD202D0004F8B51F4B97
:105780001E49DA780624CD7862431D491D4F1E4E0E
:10579000D418002813D0487820713946601D04229F
:1057A0000A31FAF790FD38786072FF206530454382
:1057B000A819B978A030817279784172F8BDFF20BC
:1057C00065304543AD192020405D0E4608702946DE
:1057D0008A311F22B01CFAF776FD207970700948D3
:1057E000611D04220A30FAF76EFD607A3870A03528
:1057F000A87AB870687A7870F8BD0000710D00045E
:10580000580C00046C030004950D000410B5417899
:1058100023225143064A02238A1800210478147077
:10582000491CC9B2401C521C9942F7D310BD00005C
:105830008D2D000410B51249FF240A7A6534521EDA
:10584000D2B262430F4C8B7A121923246043101892
:1058500020300371CA7A02740A7BC2734A7B827158
:105860008A7BC271CA7B02720A7C4272FF228272F8
:105870004B7CC3728B7C0373C97C4173827310BDF4
:10588000E40C0004950D0004FEB516460C460546D2
:1058900002F01CFE3060002855D12846E16802F075
:1058A000DAFD306000284ED12846E268616802F0D7
:1058B00093FD3060002846D12846E268A16802F0D6
:1058C000A4FD306000283ED16168029168680190B3
:1058D000081A698A0091FAF78BFC87B20299E0688E
:1058E00009180198081A401E0099FAF781FC014630
:1058F0001548FA03026047816A8AC91B491C426144
:1059000081811149E86801F0F5F8306000281AD16A
:105910000D4861680160A1684160A18989B2018177
:105920002A8A826122690262AA8A82832A6A12789A
:10593000C283064801600649012008600249E86800
:1059400001F002F93060FEBDA0330004FC05000444
:105950000006000410B503460A480CE01C78020A51
:105960005440220962400002140360405401604028
:10597000504080B25B1C0A46491E89B2002AEDD114
:1059800010BD0000FFFF000010B5034610460CE0FC
:105990001C78020A5440220962400002140360404D
:1059A00054016040504080B25B1C0A46491E89B2D7
:1059B000002AEDD110BD0000F1B58CB000200B9095
:1059C0000C992C204143FD480D182E461E363046BA
:1059D000FAF79DFC0746301F0390FAF798FCF74949
:1059E000B41C2139079129460E31069108310591E1
:1059F000091F049108390091874275D00C98FFF770
:105A000097FC0C998A01EE495718395C0C98ED4ABD
:105A1000C000801801900C98D03A000108908018BE
:105A20000290401C0A901046A13809900B00FFF725
:105A30007BFB16FE0C4196AABCDEFEFDFEFCFEFEC4
:105A4000FEFEFEFEFBFAF9F8F7FE02250498FAF7CF
:105A50005EFCC15DDC484219127A914201D10121FC
:105A60000B916D1CEDB2082DF0D3022508E0D6484D
:105A70004019007A00280AD06D1CEDB2082D02D220
:105A80000B980028F3D00C98FFF752FC52E10498D1
:105A9000FAF73DFCCC49C05D491908720199012211
:105AA0004855CA48017811430170ECE7FAF739FC10
:105AB0000DB0F0BD022102910498FAF728FCC25DF6
:105AC000C14802994018007A82420ED1BE49029A1A
:105AD000002089180872029A01998854BB48012253
:105AE00001781143017005E0B4E1481CC0B2029096
:105AF0000828E1D30C98FFF71BFCA078801EA0704B
:105B00003046FAF704FC3146801CA2E02879A91D32
:105B1000401C28710020FAF704FC07980099807E49
:105B2000FAF7FFFB010000D101200099FAF7F9FB19
:105B30000027A77038460699FAF7F3FB002004996E
:105B4000FAF7EFFB00200599FAF7EBFB0020039929
:105B5000FAF7E7FB31460020FAF7E3FBA5E19C4D9D
:105B6000032028742946089AA23188540C98FFF71C
:105B7000DFFB385C68740299022248709348017810
:105B800011430170D6E0924903200874089AA231AB
:105B900088540C98FFF7CCFB8D49385C4874029907
:105BA000022248708948017874E08949022008700F
:105BB000089AA23188540C98FFF7BAFB395C029816
:105BC00041700C98FFF7B4FB395C029881700A9819
:105BD0004178027808021043099940BA0870000A17
:105BE00048707A480422017811430170BBE078497B
:105BF00002200870089AA23188540C98FFF798FB8D
:105C0000395C029841700C98FFF792FB395C02985E
:105C100081700A98417802780802104340BA07E080
:105C200050E0D7E0A8E08EE07BE036E022E0FAE04A
:105C3000099904220870000A4870644801781143E9
:105C40000170A078C01EA0703046FAF760FB3146A4
:105C5000C01CFAF766FBE17A491EE172A9780F29A8
:105C600000D025E707460398FAF751FB874200D199
:105C70004CE71DE70C98FFF75BFB5449385C3C315F
:105C800008700C990A225143514A203250544F480F
:105C900008220178114301702FE70C98FFF748FBA9
:105CA000395C4A4808223C3041703C380178114345
:105CB0000170A078801EA0703046FAF728FB3146AC
:105CC000801C28E00C98FFF733FB404D385C3C35D6
:105CD00068800C98FFF72CFBA978385C0902084310
:105CE00068800C98FFF724FB385CA8800C98FFF7BD
:105CF0001FFB2979385C09020843A8803348082231
:105D0000017811430170A078401FA0703046FAF767
:105D1000FEFA3146401DFAF704FBE07A401EE072BD
:105D2000C6E60C98FFF704FB385C002802D0A91DDA
:105D3000FAF7F7FAA078801EA0703046FAF7E7FA73
:105D40003146801CB2E60C98FFF7F2FA395C0091FC
:105D50000C98FFF7EDFA0099385C0902084302D06D
:105D6000A91DFAF7DEFAA078C01EA0703046FAF737
:105D7000CEFA3146C01C99E60C98FFF7D9FA385C88
:105D800000900C98FFF7D4FA395C009800020143A8
:105D900000910C98FFF7CCFA0099385C090208438F
:105DA00002D0A91DFAF7BDFAA078001FA0703046F6
:105DB000FAF7ADFA3146001D78E60000A41B000496
:105DC000E01D000492220004400C00043004000492
:105DD000202100040C98FFF7ABFA395C00910C9875
:105DE000FFF7A6FA0099385C0902084300900C9866
:105DF000FFF79EFA395C00980002014300910C986D
:105E0000FFF796FA0099385C0902084302D0A91DF1
:105E1000FAF787FAA078401FA0703046FAF777FAB1
:105E20003146401D42E600246C71687829780002F2
:105E3000084301F06DFE08211D48FAF75DFA1D497F
:105E40000122087810430A463C321470082210439D
:105E500008702DE62879A91D401C28710020FAF74A
:105E600060FA07980099807EFAF75BFA010000D18A
:105E700001200099FAF755FA0027A77038460699CD
:105E8000FAF74FFA00200499FAF74BFA0020059927
:105E9000FAF747FA00200399FAF743FA314600204F
:105EA000FAF73FFAA8780F28D3D1E7726F71FFE5B0
:105EB000480C000430040004F8B505462C202B499A
:105EC0006843461800243146F4700E312046FAF734
:105ED00028FA28460A217471484320362449B470B0
:105EE0000A5C244E002A07D032463C3214700C540F
:105EF00030780821084330701F4AE80082180221D8
:105F00001E480123575C002F05D047183C7254549B
:105F100037781F433770491CC9B20829F2D32901C9
:105F2000134D82356A5C2B462846A23B0818032A8B
:105F300009D14778002F18D01A745C7444703278F5
:105F400002273A433270695C02290ED14278002A56
:105F50000BD01970064920394C70220A8A7084705F
:105F600044703078042108433070F8BDA41B00044D
:105F7000402100043004000492220004400C00047C
:105F8000F0B504464078C34B820000279D5887B087
:105F900000292BD023214843BF4905904618B078EB
:105FA00031460690103113226846FAF78CF9BB4847
:105FB000FF21C07865314843B9492322411805982B
:105FC000091830462131FAF77EF9617823225143CE
:105FD000B14A069889188870607823214843114691
:105FE0004018132269461030FAF76DF9A94E0B3E9E
:105FF00009E00C2078434019011D04220830FAF70B
:1060000062F97F1CFFB26078305CB842F1D86078EA
:106010002321A14F4843C01982780A235A43A14B38
:10602000C178D2188A5C1300FFF77EF80504184F78
:106030004F79A7008170607823214843C1197D20E2
:1060400000011931FAF76DF9607823214843C1192D
:106050007D2000011531FAF764F98EE00121017409
:10606000607823214843C11900201D31FAF759F9FE
:106070006178232251430A20C9194874002088748A
:10608000617801205143C919C874002008756178EE
:106090005143C91921310870487060782321484361
:1060A000C1197D2000011931FAF73BF960782321ED
:1060B0004843C1197D2000011531FAF732F96078A3
:1060C000232209215043C01956E00321017461784D
:1060D000232251430A20C919487400228A74617826
:1060E00023225143C919C8740020087561785143AF
:1060F000C91921310870487060785043C1196A4845
:106100001931FAF70EF9607823214843C11966481E
:106110001531FAF706F9204600F032FB2DE0022196
:1061200001746178232251430A20C9194874002060
:106130008874617801205143C919C874002008751A
:1061400061785143C9192131087048706078232162
:106150004843C1197D2000011931FAF7E2F860784F
:1061600023214843C11900201531FAF7DAF8607885
:1061700023214843C019C1788170617823204843A6
:10618000C319D87801280BD003281DD004284ED07D
:10619000082803D1715C2846FAF7AEF807B0F0BDC5
:1061A00000270CE0232148433B49042241180C20DE
:1061B00078434019891DFAF786F87F1CFFB2607892
:1061C000315CB942EED8E9E7334800222C3802723C
:1061D0004272811C0A724A720123037142710A20C1
:1061E00008704A70C81E2F49C271903902460F7953
:1061F000203AD7774A7902708A794270C9798170DA
:106200000020FF220AE00C27014679436A54182730
:1062100049194F708A70401CCA70C0B26178715CB5
:106220008142F0D81C486D38017819432FE01A4894
:10623000DB7B20380B54607823214143C9198A7BCA
:1062400015491A394254617800204A00124907461C
:106250006D3951184231087548750F4962781D39FA
:1062600050540BE00F48B900F03809180C2078435F
:1062700040190422FAF727F87F1CFFB26078305CDF
:10628000B842EFD8044804226D38017811430170F8
:1062900084E700009C0400048D2D0004710D0004AF
:1062A000950D0004D4F20020DC05000070B51E4CF2
:1062B00001238340227900211D4695432AD10128DC
:1062C00028D0FF219A4365312271484304192046A2
:1062D000FF384D38FAF71BF8050022D02046FF386A
:1062E0004938FAF714F8801C84B210480646FAF7C9
:1062F0000EF8210A0902FF31013140183146FAF740
:1063000010F8280A214600F059FD0021802005F0F0
:10631000A5FA06E0441E042C04D81A4202D1012832
:1063200000D00121084670BD950D00049E1B00049D
:10633000FEB500260C460196817815460B00FEF747
:10634000F3FE0906161617671616168016000027A4
:1063500009E00C2078430019042201A9001DF9F777
:10636000B2FF7F1CFFB2AF42F3D343484674FEBD79
:106370004248417A007A0E0206434048C01E007A25
:10638000002816D03D480027001F02900FE00C2087
:1063900078430019011D009004220830F9F793FF9B
:1063A000042202990098F9F78EFF7F1CFFB2AF42DA
:1063B000EDD3002129E008460C225043235C00194C
:1063C000027A9B1A1202734380329A1812120271D7
:1063D0004378427A9B1A1202734380329A1812123F
:1063E00042718378827A9B1A1202734380329A1820
:1063F00012128271C378C27A9B1A120273438032DE
:106400009A181212491CC271C9B2A942D3D3FEBD57
:1064100041781A480D300F5C00260FE0B81918219A
:10642000F9F7E6FE1648890009180C207043001998
:106430000422001DF9F747FF761CF6B2AE42EDD3F9
:10644000FEBD40780F490D4E0F5C002093360FE0E3
:1064500039188A000C21B35C414309190B71921958
:1064600053784B7192788A71FF22401CCA71C0B276
:10647000A842EDD3FEBD00003E0D0004632D0004D4
:10648000E4F1002094040004F8B517460C460546D4
:1064900002F01CF8386000283CD12846616800F002
:1064A00047FB06462846A16800F042FB02460090E2
:1064B0003146284601F0E1FF386000282AD116480D
:1064C000F10301604681698A41610099891B491C79
:1064D00081811149E86800F00DFB3860002819D16E
:1064E000606801020C480160298A81612189A288C3
:1064F000891A491CC181E1680162E98A8183296A9C
:106500000978C1830549002008600349E86800F064
:106510008DFA3860F8BD0000A0330004F8050004CF
:10652000F8B517460C46064601F0D0FF3860002843
:1065300032D13046A268616801F09FFF38600028C0
:106540002AD16068154DC0032860A0886881708AD0
:1065500068612089A188401A401CA8812946F068FA
:1065600000F0C8FA3860002816D1A168606881423E
:1065700003D92946F06800F093FBA0680749C003DF
:106580002860E0682862F08AA883306A0078E8838F
:10659000F06800F085FA3860F8BD0000A033000410
:1065A00010B5034601F07EFF1060002808D108688E
:1065B000332806D0342808D03B280AD001201060A8
:1065C00010BD1846FFF760F910BD1846FFF7A8FF89
:1065D00010BD1846FFF758FF10BD0000F8B504467F
:1065E0000D4621304178164603780A021A43A37CEF
:1065F000677C190239438A4219D300210170417026
:10660000207CE71C012813D025461535022876D0BA
:1066100003280CD12846F9F77AFE797C3A7C0902E6
:10662000114388426AD9401A2946F9F77AFEF8BD23
:1066300020461D300090F9F76AFE797C3A7C090209
:10664000114340180099F9F76CFEFF283AD2002751
:1066500035E00098F9F75BFE39460C2251436A5C3D
:106660004C19217A521A0902504380314018000A0D
:1066700020710098F9F74BFE6278617A521A09028C
:10668000504380314018000A60710098F9F73FFECE
:10669000A278A17A521A0902504380314018000AA8
:1066A000A0710098F9F733FEE278E17A521A0902F4
:1066B000504380314018000A7F1CE071FFB2B7429E
:1066C000C7D3F8BD002111E008460C2250432A5CD4
:1066D000401902720271427842724271827882726B
:1066E0008271C278C272491CC271C9B2B142EBD385
:1066F00009202074E078A070F8BD00E015E028467D
:10670000F9F705FE797C3A7C0902114346182046C8
:106710001930F9F7FCFD864201D2304684E729465C
:10672000F9F7FFFD09202074E6E729460020F9F774
:10673000F8FDE0780649A0700878421C0A7000282D
:10674000DAD000200870204600F004F8D4E70000FA
:106750009004000410B50446C07801280DD0022032
:106760002074214615310020F9F7DBFD21467D20FC
:1067700019310001F9F7D5FD10BD0120207410BDBD
:106780008178022901D1092181707047F0B58C46CA
:10679000014619480023855C2AE068002818C2B227
:1067A000D800181854001219144C0E5CA654441842
:1067B0002779E6783F023743104EE01C9219577054
:1067C0003F0A97706678D670A77966793F023E4394
:1067D0001671360A5671A4789471447906792002AC
:1067E0003043D071000A5B1C6D1C1072DBB2EDB23D
:1067F0006345D2D3F0BD000097040004A82C000428
:1068000070B50E46054602240821F9F775FD1D4AAC
:10681000F0070ED028781178084328700220115C08
:10682000002902D02955641CE4B2401CC0B20828DB
:10683000F5D3B00711D52878117A084328700220C3
:106840001118097A002904D0082C06D22955641C95
:10685000E4B2401CC0B20828F2D3700711D52878E2
:10686000117C0843287002201118097C002904D0EB
:10687000082C06D22955641CE4B2401CC0B208287A
:10688000F2D370BD400C0004FFB50546104681B040
:1068900014460930F9F73BFD0646601DF9F737FD50
:1068A000297948433146F9F7A3FC69781E4A8900E3
:1068B0008918CA784243FF32130A00202FE00C22C5
:1068C000029C424314190A7825795A43FF32120A6E
:1068D0005543FF352A04160EC2008518049AAF18D6
:1068E000FE70FA1C360A15463E714A7866795A439C
:1068F000FF32120A5643FF363204160E7E71360AF4
:10690000BE718A78A4795A43FF32120A5443FF3485
:106910002204120E2A71120A401C6A71C0B20A9A2D
:106920009042CCD305B0F0BD142D000410B50C4638
:10693000184A01461648126E920701D41D2010BD58
:10694000154A1268002A04D0144900F0FDF82060AE
:10695000F4E74968C90B0023C361114A1368036057
:10696000104A126801239B071A600C4ACB0313607C
:1069700051810021C9431161114600F053F9206093
:1069800009498020086020680028D8D00B2010BD5D
:1069900000400340804F0340FC050004A033000486
:1069A000F0050004F40500044002004070B50C46F8
:1069B000184A01461648126ED20709D0164A174DDA
:1069C000D3892D68AB4205D9114600F02FF820601D
:1069D0001D2070BD4968C9090025C561104B1D689F
:1069E0000560104B1B680125AD072B60CB031360BE
:1069F00051810021C9431161074900F013F920605A
:106A000009498020086020680028E2D00B2070BD72
:106A100000400340804F0340A0330004F805000409
:106A2000F0050004F40500044002004070B50D4676
:106A30004168044609052DD5174EB168002907D1D4
:106A4000012189070A68726002220A6021683160A8
:106A5000EB8BAA8B296A07F02BFC85212160B1689A
:106A6000EA898A4214D9A060A8692A6848431018A4
:106A7000000920670120802108511F21C9016118E8
:106A8000886606482060B068401CB0601D2070BD5C
:106A9000002070BD0B2070BDF005000481110000C6
:106AA00070B50D464168044609051CD501218907CA
:106AB0000B680E4A536002230B6021681160EB8B58
:106AC000AA8B296A07F0F4FBA060286800092067F8
:106AD0000120802108511F21C901611888660448DE
:106AE00020601D2070BD0B2070BD0000F00500046B
:106AF00081100000F0B500200122920713680224E3
:106B0000146002468D890AE0084C66688C7AA718E2
:106B10000124BC40264201D0092002E0521C9542CB
:106B2000F2D8012189070B60F0BD0000000400408D
:106B300010B50C46018A408AF9F75AFB01462046F7
:106B4000F9F756FB10BD0000F8B50F460A894B68EF
:106B500031490446CD68551BAD08AD005E193B6850
:106B6000CD68551BAD08AD005D1943681B0551D5B7
:106B7000C9688A4208D101229207136826494B60EE
:106B80000223136022680A60FB8BBA8B396A07F014
:106B90008FFB84462048C168002939D00121890231
:106BA0002160072121600169002912D000210161C3
:106BB000B9694A1E2A4004D0891AC268914203D892
:106BC00003E0C268914200D3C1682A0922676A18AB
:106BD00009E0B969F5E708CE2F07BF0FBF003F19DD
:106BE00080373B602D1DAA42F5D8AA08920701D034
:106BF0000A4A22601F230222DB01E3189A666246DA
:106C0000A260074A2260C268511AC1601D20F8BD07
:106C10000020F8BD0B20F8BDF0050004078000003F
:106C200083100000F0B54268120531D503680524D1
:106C30009A03002A06DB0460164A02600222521CF4
:106C4000322AFCD3002218E04D690E6855437519AD
:106C50002D09056780250E692E500D69002D0E4DFA
:106C60006E688D7A0FD0AF180125BD402E430A4DB6
:106C70006E600A4D05600460521C8D899542E3D810
:106C800003600020F0BDAF180125BD40AE43EEE724
:106C90000B20F0BD050002000004004087800000CA
:106CA000F0B50468002203468033094D0BE04E69BD
:106CB0000F685643BE193609066701261E60056037
:106CC00005260660521C8E899642F0D80460F0BDFD
:106CD00085800000F8B5054629200003172300240D
:106CE000281A1B03984201D30020F8BD134E012738
:106CF0003078002817D070683B46A34003420CD17F
:106D0000A74007430E4B2002C0187760F9F7DBFA63
:106D10000C49A0000D500120F8BD641CE4B2082C01
:106D2000EAD30220F8BD07482030F9F7CCFA280A48
:106D3000F060E80BB0603770EDE700007804000405
:106D40002C2300042C2B0004F8B5114E00243746E8
:106D5000254679370F49A000411880190422443193
:106D6000F9F7B1FA204623214843C1198D700A4929
:106D7000FF22C97865325143084A89180818012151
:106D80002130FFF7FDF8641CE4B2032CE2D3F8BD18
:106D9000142D0004AE140004710D0004950D0004C0
:106DA00010B52D210448F9F7A7FAFF200021013082
:106DB00004F054FD10BD0000FA220004090A024646
:106DC000491C084B10B5002089B29A4208D29005A0
:106DD0005322800DD200801A80B206F007F90120FC
:106DE00010BD0000FF030000FF200130704700B518
:106DF00000F058F800BD000070B5049C15191DE0A6
:106E0000FF246534104E4443A4191601A4192646E4
:106E1000C03EF67964181E70C03C667A5E70E67AF1
:106E20009E70667BDE70E67B1E71667C5E71E67C22
:106E30009E71647D521CDC71D2B20833954201D937
:106E40000D2ADDD370BD0000950D000410B5134A66
:106E50000020117C042920D111491346CC7A203B13
:106E6000002C02D0522050740120CA7D002A04D088
:106E70001A18502420325474401C4A7C002A04D032
:106E80001A18512420325474401C497F002904D020
:106E90001918542220314A74401C10BD990C00046A
:106EA000380A000430B50022094C1146635C00200A
:106EB0001D46C540ED0700D1521C401CC0B2082839
:106EC000F6D3491C89B22D29F0D3100230BD000041
:106ED000FA220004FFB581B01F460C460225019836
:106EE00000F01EF80646019800F048F8002E12D077
:106EF000002810D0E119814202D830193A4603E047
:106F0000A04209D9021B3019039904F06DFC002836
:106F100002D0012500E00025284605B0F0BD0000A4
:106F2000F0B5154E2B235B01F31800225C7E1B7E0F
:106F300007462502104611461D4319E00E234B4318
:106F40009C19637824781B0223435C04640CBC42C4
:106F500008D10E2041438819C17882780802104375
:106F60000002F0BD5B0401D1521C92B2491C89B2EF
:106F7000AB188B42E2D8F0BD23160004F8B5144ECE
:106F80002B235B010746F31800205C7E1B7E250245
:106F9000024601461D4317E00E234B439C196378BC
:106FA00024781B0223435C04640CBC4206D10E20EF
:106FB00041438819001DF9F7AAF9F8BD5B0401D116
:106FC000521C92B2491C89B2AB188B42E4D8F8BD6E
:106FD00023160004F0B59C461A4E0346707E347E9C
:106FE00000022043000A0870707E347E00250002F3
:106FF000204348701C4618E00E20214641431248A9
:107000000F187978387809020143480409D04804F8
:10701000400E107078783978000208435070921C46
:1070200001E06D1CADB2641CA4B2707E317E000222
:1070300008434019A04204D960464008C018A04245
:10704000DAD8F0BD831B0004231600040148807EBB
:1070500070470000831B0004FFB581B014460F4643
:107060000225019800F022F80646019800F04CF83D
:10707000010A39707870002E13D0002811D00A99B7
:107080006118814202D830190A9A03E0A04209D956
:10709000021B3019049904F0A7FB002802D0012537
:1070A00000E00025284605B0F0BD0000F0B5154E03
:1070B0002B235B01F31800225C7E1B7E0746250212
:1070C000104611461D4319E00E234B439C1963786B
:1070D00024781B0223435C04640CBC4208D10E20BC
:1070E00041438819417A027A080210430002F0BD38
:1070F0005B0401D1521C92B2491C89B2AB188B427D
:10710000E2D8F0BD23160004F8B5144E2B235B0122
:10711000F31800225C7E1B7E0746250210461146AE
:107120001D4317E00E234B439C19637824781B0200
:1071300023435C04640CBC4206D10E2041438819F1
:107140000A30F9F7E4F8F8BD5B0401D1521C92B2A1
:10715000491C89B2AB188B42E4D8F8BD2316000451
:107160000248417E027E080210437047831B0004E0
:10717000F3B506461E480022437E007E1B0281B006
:107180001546114603432DE00E200C464443194892
:107190002418607827780002384347047F0CB742F0
:1071A0001AD10E20414313480818001DF9F7AFF813
:1071B000010E02980170201D029DF9F7A8F8000C3D
:1071C0006870201DF9F7A3F8000AA870201DF9F7D0
:1071D0009EF8E870012508E0400401D1521C92B2EB
:1071E000491C89B298188842CED82846FEBD0000B6
:1071F000831B000423160004642070472D20C00266
:1072000070470000FFB50025411E81B014460429D7
:1072100029D8FF2165314843144947183846FF38BB
:107220004D38F9F774F806001DD03846FF38493854
:10723000F9F76DF881B202980A0A02700298A14229
:10724000417010D90A982018884202D9081BC0B290
:107250000A9030190A9A049904F0C6FA002801D05D
:10726000012500E00225284605B0F0BD950D00047B
:1072700010B500240B4A2146FF2365334B439B186E
:10728000DB7D834208D1FF206530414388181830E8
:10729000F9F73DF8044603E0491CC9B20529EBD3D0
:1072A000204610BD950D0004074A002013790146C1
:1072B0001A46CA40D20701D0401CC0B2491CC9B20C
:1072C0000829F5D370470000950D000410B5024859
:1072D000F9F71DF810BD00009E1B000470B50022D8
:1072E0000B4D0C491446430701D52B4600E00B46D5
:1072F000C606B60F012E08D0C60600D52A4680065F
:1073000000D50C469818001970BD0A46F7E7000032
:10731000000001000080000001468A070020920F53
:10732000012A04D0890701D50120C003704701203C
:1073300080037047074B8000C01801235B03C0180F
:1073400001238B400168002A01D0194300E09943D2
:107350000160704700C00840024A40018018405C4C
:107360007047000000C0084010B50E20F9F790F8F3
:107370000F20F9F78DF805F0A1FAFDF7FFFF00F0F7
:1073800069FB9023172200210648FAF7DCF9012255
:1073900017210020FFF7CEFF00221721104600F032
:1073A00003F810BD00100040084B8000C3180120F6
:1073B0008840002A06D01121490259180A68024360
:1073C0000A6070474521C901F7E7000000C0084086
:1073D00010B50E49FF20086306F0AAFE00F0D2F8AF
:1073E00007F0CAF906F02EFFFFF7BEFF00F086F89F
:1073F00006F0FEFC00F02AFB04F0ECFE04480178E5
:1074000009090901491C017010BD0000C0010040BC
:107410003E0D0004F8B5184C069F257C002D01D0C8
:107420000120F8BD45081548002685800125C56066
:107430008160857106604361026101460246183130
:107440000F48FAF763F8002801D00220F8BD257430
:10745000002F0FD00B480168E67307E00268521A4C
:10746000142A03D92674E5730320F8BD227C002A70
:10747000F4D126740020F8BD3E0D0004582C000401
:1074800000A0084098030004F8B5184C069F257C1E
:10749000002D01D00120F8BD450815480126858042
:1074A00000258571C6600560436102618160014607
:1074B000024618310F48FAF729F8002801D00220B7
:1074C000F8BDE5732674002F0ED00B48016807E065
:1074D0000268521A142A03D92574E6730320F8BDF2
:1074E000227C002AF4D125740020F8BD3E0D000452
:1074F000582C000400A008409803000470B5FF2039
:107500001130F8F7A3FF0E48FAF796FA0D480E4926
:107510000024416681660D48F9F768FF0B490C4865
:107520000D4D48600B4A2846F9F76AFF07490023CA
:107530000A4A24312846F9F7A9FF0948047470BDA6
:107540000F00010000100040810600004C2C0004D8
:1075500040420F00001BB70000A0084065750020E6
:107560003E0D0004002A02D1014900200874704732
:107570003E0D000410B572B6014A904762B610BDC8
:107580000502000310B500211C20FDF70FFE0121AC
:107590000A20FDF70BFE01210B20FDF707FE02215B
:1075A0000120FDF703FE02211120FDF7FFFD02215E
:1075B0001220FDF7FBFD10BDF0B5474E002034460C
:1075C00095B008343070636861782078002298475D
:1075D000A1680A208847636861782078012298476B
:1075E000A1680A208847AE206946087101250095E8
:1075F0008F21E7682B4601AAC020B847C5206946FD
:10760000087100950123FE21E76801AAC020B84750
:1076100030780221A8430843307069460D71009507
:107620000123FD21E76801AAC020B8478022482134
:1076300002A8F8F75AFE009548230121E76802AA3C
:10764000C020B84777206946087100950123522170
:10765000E76801AAC020B847FF2069460871009575
:1076600001235121E76801AAC020B84769460D717E
:10767000009501235021E76801AAC020B847C52022
:107680006946087100950123FE21E76801AAC02020
:10769000B84700206946087100950123FD21E7687D
:1076A00001AAC020B8473078FD2108402843307037
:1076B000482102A8F8F720FE0095E468482301213C
:1076C00002AAC020A0477D2104480901C174090A0B
:1076D000017515B0F0BD0000A80400043E0D0004C3
:1076E000F0B595B0C52769460F7101251F4C00956F
:1076F000FE21E6682B4601AAC020B047002069465B
:10770000087100950123FD21E66801AAC020B04759
:10771000482102A8F8F7F0FD009548230121E6680A
:1077200002AAC020B04769460F7100950123FE21CF
:10773000E66801AAC020B04769460D710095012393
:10774000FD21E66801AAC020B04700206946087103
:10775000009501235021E56801AAC020A84763686D
:10776000617820780022984715B0F0BDB00400047D
:10777000FEB55C4C5C4821790268914211D00068EA
:1077800020715A4D5A4E0020410041184B199A78E9
:107790005B7812021A43695C401CC0B28A552428E7
:1077A000F2D35449887C002830D1C81C0290427C16
:1077B000037C100218430127002806D0E078012836
:1077C00000D0E7700820887405E06078002802D1B6
:1077D00067700220E0704349E2784248083100783F
:1077E0000026CD681300FDF79FFC06041223384ADB
:1077F0005F5DFFF783FEFFF7DFFE6670A670E77040
:107800007D20029900010874000A4874FEBD4823D7
:107810000121394AC0200096A847002806D0A07848
:10782000401CC0B2A0704FE0A6703BE0A670FEBD49
:10783000C520694608710123FE2101AAC0200097D6
:10784000A8470028EBD1A6702078C10701D00320FB
:1078500026E08007EBD5052022E040084000022109
:1078600008432070684607710123FD2101AAC0204A
:107870000097A847002824D1A670042010E068468D
:10788000067100970D690123502101AAC120A84764
:10789000002816D168460079C00703D0A6700220E0
:1078A000E070FEBDE670FEBDFD210840384320704B
:1078B00068460671012301AAC0200097A847002846
:1078C00005D0A078411CA1700328ADD2FEBD7D205B
:1078D000029900010874000A48746670A670E77087
:1078E000FEBD0000A804000498030004A82C0004B6
:1078F000212E00043E0D0004222E0004491E0840E3
:1079000000D001207047000030B5144BFF24DB7815
:10791000114D6534002263435B1901E0521CD2B261
:10792000232454431C19203464788C4201D0032A48
:10793000F4D300280BD0032A09D0FF216531484336
:10794000232140194A438018FF38443830BD232092
:1079500042430348101830BD950D0004710D00041A
:107960008D2D000410B51B4800240278D00709D0E3
:1079700018484130417A037A09021943491C0172BF
:10798000090A4172500701D506F0C4FE114A6D3252
:10799000232060438018213041780378090219437D
:1079A000491C0170090A641CE4B24170032CEFD336
:1079B0000949887C002801D0401E88740648017D52
:1079C000C27C0902C01C114303D0491E0174090A7C
:1079D000417410BD202D00043E0D000410B5FFF7CA
:1079E0007FFE00F04BF803480021C17401758174DB
:1079F000017410BD3E0D000410B569210F48F8F761
:107A00007BFC0E480C217938F8F776FC0B486C218A
:107A1000E538F8F771FC09486D216D38F8F76CFC12
:107A20000C210748F8F768FC0C210648F8F764FCBD
:107A30006C210548F8F760FC10BD00008D2D000496
:107A4000762E00046A2E0004822E000410B5FFF783
:107A5000B3FD10BD10B59023142200210648F9F79C
:107A600072FE012214210020FFF764FC0022142181
:107A70001046FFF799FC10BD0010004010B5902390
:107A8000142200210448F9F75EFE0022142110465A
:107A9000FFF750FC10BD00000010004010B5FFF7CC
:107AA000ABFFFFF751F910BD38B5154C23212078F5
:107AB000144D4843401962781349FEF78FFD207832
:107AC00023214843401962780F49FEF731FC607862
:107AD0000090207823214843401902461032A31C0D
:107AE0000949FEF7D1FE0948002302786178A01CFD
:107AF00004F092FC22786178A01CFEF747FE38BDA6
:107B0000CF0400048D2D0004762E000456030004DB
:107B1000F8B5164F2B225201BA18547E0023127E5C
:107B20002602194616431CE00E224A43D219547805
:107B3000157824022C4365046D0C85420BD10E2070
:107B40004843C0194078802318435070C9B2184682
:107B500003F084FEF8BD620401D15B1C9BB2491C9A
:107B600089B2F2188A42DFD8F8BD0000231600045B
:107B7000F8B53E4E0346717E0020357E0A0204466B
:107B80002A436BE00E2125464D4339496D1869782B
:107B90002F78090239434F047F0C9F4258D10E20A1
:107BA0002146414332480818C178827808022F499B
:107BB00010431B31009100280FD00846F8F7A7FBAF
:107BC0000746281DF8F7A3FB801C000A0002FF30BF
:107BD000013038180099F8F7A4FB687A297A000276
:107BE000084310D00098F8F792FB074628460A3061
:107BF000F8F78DFB801C000A0002FF3001303818B6
:107C00000099F8F78EFB6878297800020843C00BCA
:107C1000C0032870000A68700027AF70EF70291D3C
:107C20003846F8F77EFB2F72380A687229460A3107
:107C30000020F8F776FB707E317E00020843401E7C
:107C40003076000A7076E1B2802003F007FE0AE089
:107C5000490401D1401C80B2641CA4B21118A14295
:107C600001D9642C8ED30120F8BD0000831B0004D1
:107C70002316000410B50648064900880978000557
:107C8000000D084303D100F02FF8FDF703FD10BDF0
:107C90008804000478040004F0B5124E2B235B0125
:107CA0000746F31800205C7E1B7E25020246014633
:107CB0001D4312E00E234B439C19637824781B026A
:107CC00023435C04640CBC4201D10120F0BD5B0481
:107CD00001D1521C92B2491C89B2AB188B42E9D82F
:107CE000F0BD000023160004F8B500252D4F2E46E8
:107CF0002C206843C419607901284ED1A07803284C
:107D000006D0042817D0052815D00F2845D12EE01D
:107D10002079E17888420CD2A01DF8F7F8FA002803
:107D20003BD120460A30F8F7F2FAA11DF8F7F9FA2C
:107D30002DE0667131E0A01DF8F7E9FA00280CD1BA
:107D400020460A30F8F7E3FAA11DF8F7EAFA2846C8
:107D500000F02AF82846FDF72FFEE07800281CD115
:107D600020460E30F8F7D3FA0028E2D015E0A01D27
:107D7000F8F7CDFA002810D120460A30F8F7C7FAF4
:107D8000A11DF8F7CEFA2034E07A002805D0284665
:107D900000F00AF82846FDF70FFE6D1CEDB20D2D20
:107DA000A6D3F8BDA41B0004F0B507462C20394625
:107DB0004143594887B00C1820462330F8F7A7FAFA
:107DC000019020462730F8F7A2FA1A3406462046DA
:107DD0000494F8F79CFAB04272D22C204E4A7843B1
:107DE0008518284620304D490290B8012C4640188D
:107DF0000E3416350390402E64D9029881784020C5
:107E0000471A2046F8F783FA361A0090BE4200D38C
:107E10003E4628460596F8F77AFA40210A1ABA42F1
:107E200001D2B24214D90399019A411800988018DE
:107E3000324603F0D9FC2846F8F769FA801929463A
:107E4000F8F76FFA2046F8F762FA8019214627E022
:107E50000399019B41180098C01803F0C5FC204607
:107E6000F8F755FA07462846F8F751FA4021081A5C
:107E7000009038182146F8F754FA01460098361A4F
:107E80000846019932464018039903F0ADFC20469C
:107E9000F8F73DFA80192146F8F743FA29463046AB
:107EA000F8F73FFA0498F8F732FA05994018049960
:107EB000F8F737FA029881780598081802998870BF
:107EC00007B0F0BD2846F8F722FA03994718204674
:107ED000F8F71DFA019932464018394603F084FC40
:107EE000029802998078801988702846F8F70FFA6E
:107EF00080192946F8F715FA0498F8F708FA801956
:107F00000499F8F70EFA2046F8F701FA801921468D
:107F1000F8F707FAD4E70000A41B0004E01D0004F2
:107F20002C214843034940182030C17A491CC172B2
:107F300070470000A41B0004F8B528213D48F8F75D
:107F4000DBF9FFF745FA06F065FAFAF743FBF8F7B5
:107F500075FE394FF87901283AD105F093FF0024D6
:107F6000364D26463649A0004118364A443180181D
:107F70000422F8F7A8F9012C2FD023200421604314
:107F80004019C170204623225043FF21421911712C
:107F90002D49FF22C978653251432C4A89180818A7
:107FA00000212130FDF7ECFF641CE4B2032CD9D38F
:107FB0002748204C8670467003F09EF9A07AC007CF
:107FC000FAD0FE710120E0700021022003F046FC8F
:107FD000F879002805D00020F8BD18482330C67075
:107FE000D0E7FFF75BFD134C06F0F2FBE0780128C9
:107FF00005D104F011F903F0C9FA02F0D5FBFCF742
:10800000C1FEA07AC007EFD0002005F03BFF20782A
:1080100000090001C01C20706420FAF73FFAFCF749
:10802000B1FEA07AC007FAD006F0D2FB02F0ACFE97
:10803000F5E700003E0D0004660D00048D2D0004E0
:10804000AE140004142D0004710D0004950D0004FD
:108050006C030004FEB50026751E000A401C37465E
:1080600000900024F80001901248C05DE040C00775
:1080700019D00026751E009886420AD181B2284682
:1080800004F09AFF5320C00028180B4980B28842A0
:1080900008D9641CE4B2082CE6D37F1CBFB22D2F94
:1080A000DFD30020FEBD761C681CE4D101980019C6
:1080B00005B2E0E7FA220004FF030000044A0121B0
:1080C00011708902401881688022114381607047D5
:1080D0003C05000410B50F4C0122832311462046B5
:1080E000F9F731FB8323022201212046F9F72BFB0C
:1080F0009023042201212046F9F725FB01220421C7
:108100001046FFF717F9002204210120FFF74CF970
:1081100010BD00000010004010B50C4C012290234F
:1081200011462046F9F70FFB012100220846FFF710
:1081300001F99023022201212046F9F704FB0022D5
:1081400002210120FFF7F6F810BD000000100040EA
:1081500070B5154D00246C712C712C82EC81284671
:108160006C8208212E30F8F7C7F850210F48F8F735
:10817000C3F8284608213630F8F7BEF82846032110
:108180001B30F8F7B9F8FF210B310948F8F7B4F8BC
:10819000EC71AC716C7228462C721E3004804480E5
:1081A00003F020FF70BD000054030004790C0004AC
:1081B000360B000470B5224E00242C206043851934
:1081C0006879012808D1A81DF8F7A1F8002803D084
:1081D000A91D401EF8F7A5F8641CE4B20D2CECD3E1
:1081E000184C00202318997B00290AD04100091956
:1081F00021314A7D0D7D12022A43521C0A75120A52
:108200004A758033D97C00290AD041000919A2316E
:108210004A7E0B7E12021A43521C0A76120A4A76D2
:10822000401CC0B20D28DDD307490878002801D0D2
:10823000401E08708878002801D0401E887070BDEC
:10824000A41B0004360B00047203000410B5FFF7F2
:108250007FFFFDF745F80020FDF790FA6420FAF75C
:108260001DF904F0E1FD10BDFEB50446401E0025D9
:108270000190042808D8244A01211079A14008421D
:1082800001D1084310710125012C22D11F4E304627
:10829000FF384D38F8F73BF807001AD03046FF3862
:1082A0004938F8F734F8801C86B219480090F8F77E
:1082B0002EF8310A0902FF31013140180099F8F710
:1082C00030F8380A3146FEF779FD0021802003F0AE
:1082D000C5FA002D01D1012C14D1FF206530444393
:1082E0000C48FF2221180848FF392018FF38653252
:1082F0004E384E39F7F7E7FF0198C1B2102003F06E
:10830000ADFA01252846FEBD950D0004F90E0004C6
:108310009E1B0004C9EA0020F8B5264C26492079A6
:10832000097888423DD30025257105F013FC234EC2
:1083300023493088CA88234F801800B230803A8899
:108340000B89D21812B23A800D81CD802178042990
:1083500021D1002801DD014602E001210904091AAA
:10836000194B1D88491989B21980002A01DD13466D
:1083700002E001231B049B1A144D2D885B19134D39
:108380009BB22B807D252D01A94204D9AB4202D995
:108390000F4B012119706179552903D000203880D5
:1083A0003080F8BD1043FCD00A48042201881143F4
:1083B0000180F8BD5E0D0004580C00046203000447
:1083C0004405000464030004680300046A03000415
:1083D000540300046603000410B50C460346018AEA
:1083E0002046FFF78BFA002801D0032010BD586803
:1083F000A04206D8D969097809034018A118884213
:1084000001D2052010BD002010BD70B50D460446F8
:1084100004212846FFF772FA002801D0022070BD1F
:108420002068AE18A84207D8A0690078FEF756FF6A
:1084300021684018B0420CD201239B069D4206D30E
:10844000A0690078FEF768FFC018B04201D204208E
:1084500070BD002070BD00B50A460346018A104673
:10846000FFF74CFA002806D1588A904203D3002A1D
:1084700001D0002000BD062000BD70B514460D4699
:10848000A1420BD8C16909780A03418A1046F7F75F
:10849000AFFE401EA84201D3A04201D2072070BD0A
:1084A000002070BD07480069800601D5182070477C
:1084B00005480068C005800F032801D01B207047C5
:1084C0000020704700060040000200400348006999
:1084D000C006800F00D01720704700000006004043
:1084E000FEB5002069460880019008729E4801266A
:1084F0004768002F22D0002504463146A940394262
:1085000019D0FF2101319948F7F7F6FE9849280262
:108510004118FF2201329548F7F7D5FE9348A9008C
:1085200020384058010AC00BE160A0602670AE40C0
:10853000B7436760FEBD6D1C082DDED304690527B7
:10854000A1074569002928D0E00712D0FF21013199
:108550008648F7F7D1FE562286498448F7F7B3FEDE
:108560008148F9018760C1606108067049000161B6
:1085700029E0A007DED5FF2101317C48F7F7BCFEDA
:108580000B227D497948F7F79EFE77487B49876043
:10859000C16002210670C94313E0600715D5FF21B1
:1085A00001317248F7F7A8FE242275496F48F7F7A2
:1085B0008AFE72496C48491C8760C16004210670BC
:1085C000C9430C4004614561FEBDA004400D53D079
:1085D000032001906B48C2788378100218436A46E2
:1085E00010801088000AC01C107210880006000E4F
:1085F00002D0107A401C1072019F38E03A462046A3
:108600002946F7F74FFEC00730D001985E49381A67
:10861000000200904018FF24013401902146534885
:10862000F7F76AFE6846007A401E874205D1574830
:108630000099421A5348411803E0524800994118E2
:108640008AE04A48F7F73FFE0198010A4648C160B0
:108650000199C90B81600670BE40F1430369CA17D6
:1086600044691940224042610161FEBD7F1C684699
:10867000007A8742C2D3FEBD2004800F34D00E2082
:1086800001902F206A4610801088000A0E30107268
:1086900010880006000E02D0107A401C1072019F54
:1086A0001DE03A4620462946F7F7FCFDC00715D0E5
:1086B00001983749381A000200904018FF2401340D
:1086C000019021462948F7F717FE6846007A31499C
:1086D000401E87423ED12F20009A37E07F1C68461B
:1086E000007A8742DDD3FEBD2002000EFBD01020B1
:1086F000019029486A4610801088000A10301072D4
:1087000010880006000E02D0107A401C1072019FE3
:1087100025E03A4620462946F7F7C4FDC0071DD09C
:1087200001982921381A0002090300904018FF24FB
:108730000134019021460D48F7F7DEFD6846007AC6
:108740001649401E874205D11348009A821A0098A4
:10875000091876E700980918224672E77F1C6846D8
:10876000007A8742D5D3FEBD780400044C2B000468
:108770002C230004AE140004660D000481020000E6
:10878000710D0004950D0004008302000B0700002A
:10879000008E0200FA220004810500002316000466
:1087A000F0B50522D2030324831AE403A34218D2AE
:1087B000002916D0164F0523DB03C21AD2B2FF24BC
:1087C0008D180134A5420ED81946401A010A01201D
:1087D00088403A69C1177B69104319437961386150
:1087E00013E00020F0BDC31A1C0A0123A340DC17CC
:1087F0007E693D6934432B437C613B61FF23013338
:108800009A1A891A10180029D5D10120F0BD00004C
:1088100078040004F0B5F14B89B01846C479857A24
:108820000146019540790790ED480831007806909F
:10883000EB48062540780590E948EA4E8078049098
:10884000087800224543AD190395FF256535E64EAE
:108850004543AD1949780833C03D842C4CD01FDC0A
:10886000E04FBE78B446DD4E367A761E0296FE782C
:10887000FF27653700967E43DB4FF619A036162C8E
:108880007ED006DC022C28D00C2C7AD0142C15D1EA
:1088900030E1172C76D0182C75D0822C0ED112E036
:1088A000962C71D006DC8C2C37D08E2C6DD0942C6D
:1088B00004D147E1972C69D0982C68D0C74805218E
:1088C000017009B0F0BDC94881781970C17859703C
:1088D000017999704079D870F3E7C44A9070D170EB
:1088E000019C1471DB785371079B022B01D110712D
:1088F000517100210220C9E00D201870BA490120F1
:10890000020152188032D27E1A54401CC0B20D2887
:10891000F6D9D6E7521CD2B201E0B3485978140117
:108920002418A034E47A8C4202D00D2AF2D34FE00E
:108930000D2A4DD21C780A21002C2DD0641EE5B2E0
:108940009C78002C00D00124FF266536754328183A
:10895000120182181046A030C57A5D70007B9870B5
:108960001019A030427BDA70C27B1A71427C5A71B6
:10897000C27C9A71427DDA71C27D1A72407E07E034
:10898000E8E02CE002E125E1FAE0A4E018E11DE1D5
:1089900058729248417194E79878002801D00124D8
:1089A00000E000241001924A155C5D708018427846
:1089B0009A7000198278DA7002791A7182795A7184
:1089C000027A9A71827ADA71027B1A72807BD6E718
:1089D00082490320087074E7521CD2B201E0824E33
:1089E000587811018919A031C97A814202D00D2A23
:1089F000F2D3EDE70D2AEBD21978002908D06145B2
:108A000047D1491ECCB2997800291BD001251AE024
:108A10009978002900D00121754C1201A0549D784D
:108A200010194570DA7840188270197901715979F6
:108A3000817199790172D9798172197A0173597AA0
:108A400081733EE70025FF216531614389191201D9
:108A500089180E46A036F072987830734D19D87880
:108A6000A03568731879E873587968749879E87450
:108A7000D8796875187AE875587A68765C48AB31A9
:108A800010181022F7F71FFC214697E002F0E6FECF
:108A900017E7491E9C78C9B2002C00D00124FF259D
:108AA00065354D43AD191201AE183246A032D07271
:108AB000987810733019DD78A03045731A79C27335
:108AC0005A7942749A79C274DA7942751A7AC275FF
:108AD0005A7A427672E000288BD0079ADB1CD21EAD
:108AE000D417640FA2185205120E0092019AFEF7D5
:108AF00083F9E6E6002812D03A4A60451AD1009878
:108B0000062358438018427A91429AD041723448E1
:108B1000002201701146022003F08CFA0FE0069A41
:108B20002F4891428DD0017000221146022003F09F
:108B300081FAC6E60398C2789142A9D0C17000219B
:108B40002020A3E7002803D00398C0785870B8E627
:108B50000698FBE7002808D060450CD1707A814266
:108B600096D01F48717241701AE0059A1C489142D4
:108B70008ED04170A5E66879814289D069711BE089
:108B8000002801D06879E1E70598DFE7002809D0DF
:108B900060450DD1B07A8142ABD01148B17281707D
:108BA00000990BE004980E4A8142A2D0917088E6A9
:108BB000A87981429DD0A9710298C1B2402065E791
:108BC000002801D0A879C1E70498BFE70748807959
:108BD000187076E6054988718BE60000E40C000405
:108BE0006C030004710D0004950D0004660D000473
:108BF000660A0004F0B50E4601468DB00020F94A21
:108C000006901278F84F9206920F0B92FB7A00931F
:108C1000F64B01251B8807932B430593F44B0493D4
:108C200033019C46032A7DD001233A7AB340039353
:108C3000002A02D0012A12D10AE0EB4B039C5B69A7
:108C4000012902D0A3437B6109E01C437C6106E05B
:108C5000E54B039C1B69012909D0A3433B61E24B0F
:108C60009B690A93002B10D0012A03D00DE01C430E
:108C70003C61F4E7002908D1DB4C039B6469234283
:108C800003D00022D84F9C437C61DA4B77006344C9
:108C90009C18D84BA278D0339B190993D54BD0336D
:108CA000FB18D54F0893FB78BF781B023B43D24F8C
:108CB00001937B783F781B023B4302931300FCF740
:108CC00033FA13490BFDFCFBFA91F949F8F7F6F575
:108CD000F4F3F24949F14900A079052808D010DCE5
:108CE000012805D0022803D0032801D0042831D15F
:108CF000012927D0401E85400098BB49A843C8726F
:108D00004BE3B94ABE4BD578DA7806246243D318D0
:108D1000B64ABA4E1288002402273A435B1C3457E5
:108D2000092800E00CE317D00A282CD0B54C00230A
:108D3000E356682852D069280CD101290AD15B1C5E
:108D4000237048E0401E85400099A7480D43C57236
:108D500023E301800DB0F0BD0129FBD1002D10D01F
:108D60000298A94CA44A6430A04200D3204680B2A5
:108D70001070010A517001996431A14216D3214645
:108D800014E0641C26E00129E4D1002D21D00298D2
:108D9000994A6438322800DC322080B21070010A0F
:108DA000517001996439322900DC322189B2917005
:108DB0000C0AD470924A1871040A5C71D3780624A4
:108DC00063439A18D1710B0A1372002203F034FF27
:108DD000AFE2641E347085480280BBE70129B9D137
:108DE0005B1EADE7894FA67978783300421C039269
:108DF000421E0092BA78FCF797F90805061425710F
:108E00007A97A105A6E70129A4D1774B521E987144
:108E1000D1B279703C46D97111E00620414309195D
:108E20001DE0012996D1704A3C46907100990029B5
:108E300001DD411E00E00021C9B26170D1718142A3
:108E4000EBD187E7012985D1207A521E401EC0B29E
:108E50003C4678709042C0DC0621484301190A461E
:108E6000C91C4878097800020843634D010A28703C
:108E70006970511C92790B7911021943A9700A0A81
:108E8000EA70002203F0D8FE5D480623C1786278BC
:108E9000594309180A7169782A7809021143C2787E
:108EA0005A430CE02DE20EE1C6E178E155E148E1DC
:108EB00031E11DE1B3E0F9E0E6E0D7E049E0121866
:108EC0005171090A9171E978AA7809021143C278AF
:108ED0005A431018C171090A01722AE2012903D00C
:108EE00041490020C87035E73F48C57032E7012985
:108EF00008D000203C49024608710199029803F00D
:108F00009BFE27E73848384A0571207AA17A00028B
:108F100008431C321080217BA37B09021943518036
:108F2000002203F0D1FE15E701298AD103993C46BE
:108F3000914201D2401C09E0002007E00129D2D172
:108F40003C46012801D4401E00E0501EC0B26070B3
:108F500082E7264B244F1E880822164320372C4BCD
:108F600001290FD0A7793946C140C9072BD01E4A25
:108F70002032115C002921D0491E0906090E115426
:108F80001CD020E0A2791146C140C90707D0395C46
:108F90000125491C39541978854029431970401C12
:108FA000C0B20828EFD30220195C002904D0401C6D
:108FB000C0B20828F8D3CDE6217A0EE01A78294607
:108FC00081408A431A70401CC0B20828CBD3217A52
:108FD00002201A5C8A421DD10021195403480680E0
:108FE000B8E600003E0D00042403000466030004FC
:108FF000990C0004660A0004760300045803000478
:10900000710D00045903000490650000580C000421
:10901000400C0004401CC0B20828DAD39AE60129AB
:10902000C9D10B98022819D0A0790300FCF77CF86D
:1090300006040508110B0E048CE6002101200AE04D
:109040000021022007E00021042004E00021052087
:1090500001E0217A032004F061FF6AE1D94C052187
:109060006079401CF7F7C4F8617173E60129A2D159
:109070003046FCF775F900289DD1A17903200A023A
:10908000217AA37A0A432FE0012916D1A079042777
:109090000502207A012405433046FCF761F90028D7
:1090A00089D123462A46314638461EE0012997D108
:1090B0003046FCF755F9002803D03046FCF7FCFE9B
:1090C00048E604200BE001298AD13046FCF748F934
:1090D000002803D03046FEF723FF3BE60F20A1799E
:1090E0000A02217A0A4301233146FCF79FF831E650
:1090F000012909D0049903200870002048700798BE
:109100002022B149104358E10499032008700498C3
:10911000A1794170F3E7AD4A501C01290AD0022120
:10912000117400210174090A417407991022A6489C
:1091300011430EE602211174A179227A090211432A
:10914000F0E7012991D1A0792946401E81409D4830
:109150004170002181700570FCE50129039918D048
:109160000A98984C8843A061AAD10699284688405D
:109170002169084203D000200699FFF73BFD0698BD
:10918000401CC0B206900D28EFD300202061207251
:10919000E0E50A9A8B48114381610572DAE58C4B50
:1091A0007200884FD218D31C2837403201290DD0C5
:1091B000A6793146C140C90733D0395C00292BD08C
:1091C000491E0906090E395426D02AE080490E703E
:1091D000002111745174A6793146C140C90707D0E6
:1091E000395C0125491C3954117C8540294311748F
:1091F000401CC0B20B28EFD3207A5074A07A217B98
:10920000000208431876010A597608992131087539
:10921000000A487501200CE0117C2C468440A143D3
:109220001174401CC0B20B28C3D3002018765876A6
:109230000320099988738DE5654B6548E0330193F8
:10924000DB7B821910469C4680320092604B604A5C
:109250007700FB18E030C032A03301291DD0A1797E
:10926000092948D00A2946D0682947D0692945D01C
:10927000491E8D4060460199A843C87300201870AC
:109280005870107D002804D0401E0006000E107596
:1092900084D100990320C8745CE54D4980314E713A
:1092A000A17909291FD0FF260A291ED068291ED0BE
:1092B00069291ED02E46491E8E40604601993043D2
:1092C000C873207AA17A000208431870010A597005
:1092D0000899A2310876000A48760098C574107D76
:1092E000401C107536E50574EBE70674E9E7467730
:1092F000E7E74577E5E700210174BFE70021417703
:10930000BCE7A079012896D1012994D1012200213E
:10931000022002F08FFE00288DD02E490878002808
:109320000CD0002008702C490623CA785A435118E3
:1093300048720021082002F091FA0BE50120F1E7C4
:10934000042E17D82448FF23C078244A6533584395
:10935000801832018018A030407C012904D0401EC2
:1093600000998540A94317E0401E854000980543B9
:10937000FD7212E0052E0AD04020062E15D0049969
:1093800004220A74079A104902430A80E2E4012980
:1093900006D00099DF221140F9720B480599D8E4F4
:1093A000009820221043F872F7E70129009906D0AF
:1093B000BF221140F972044905980880CAE40143AC
:1093C000F8E700002403000466030004790C00049D
:1093D000360B00046C030004710D0004C9EA002080
:1093E000F8B5FE4C002520460838C07921464006D5
:1093F0000839400E03270A7A03281AD006DC002811
:109400003ED001280CD0022806D112E0042810D04A
:10941000052805D0102820D0F04905200839EEE1B4
:10942000012A03D0042A01D00A2A0BD111460120B7
:1094300010E0617800290BD0012907D0042905D05C
:109440000A2903D0E54808380770F8BD104601E046
:1094500010460421FEF758FA0646E0490122083971
:10946000C8790023802817D00DDCDD4A022853D0AC
:10947000DC4F032872D0042871D0052870D17EE11A
:1094800010460121E6E781281BD082282BD08428B2
:1094900067D08528F2D156E1042020701920607031
:1094A000A770E27022716271A071E771227262721C
:1094B0000A23A372E072092527736273A5730F2034
:1094C0005BE12078042803D0012801D00A2808D1C4
:1094D00020706370A270E770042020710820607112
:1094E00006254D71F8BD237030786070F078A0705B
:1094F000F07BE070B07B207170796071B079A07101
:10950000F079E071307A2072B07A6072F07AA072ED
:10951000307BE0720C2030E1A0780300FBF704FE02
:1095200009060620060620202006200020780028B4
:1095300018D0AD49897881424ED16078002831D069
:109540002146304602F064F921783046FCF718FDD8
:10955000304604F0D3FDA448C178E2E05DE0A2E02B
:109560004CE197E0607800280BD02146304602F0AD
:109570004FF921783046FCF703FD304604F0BEFD7C
:10958000F8BD984E2320684380190746214602F013
:109590003FF921783846FCF7F3FC6D1CEDB2032D42
:1095A000F0D3F8BD9048FF21C07865314843861854
:1095B00021362320684380190746214602F028F906
:1095C00021783846FCF7DCFC6D1CEDB2032DF0D39E
:1095D000C1E702F043F9F8BD6378002B04D0FF2106
:1095E00065314843801809E02846FCF723F96D1CD3
:1095F000EDB2032DF8D30EE06D1CEDB223216943CB
:109600004118FF396139497F994201D0032DF3D3C5
:109610002846FCF70FF9207881E0A078734AFE28ED
:1096200005D1E078FE2802D12079FE2820D005203F
:10963000235CA9005354401CC0B2235C8918401C11
:109640004B70C0B2235C401C6D1CEDB28B70C0B27D
:109650000B2DEDD30020664C0822232301465943ED
:10966000CB199A7023789B069B0F032B0AD00CE032
:10967000A800135480186D1C4370EDB283700B2D3D
:10968000F6D3F8BD89198A70CA70401CC0B203288D
:10969000E3D3F8BD6078002803D03079A0704F7113
:1096A000F8BD0F70FBE7207800280FD04E4B99785B
:1096B00088422CD16078002815D0A078307170785D
:1096C00023225043A178C019017125E06078002859
:1096D00020D123206843C0196D1CA178EDB201711F
:1096E000032DF6D318E0D878FF216531484381185F
:1096F00021312846232358434318A2781A71C019F0
:109700006D1CA278EDB20271032DF2D304E06178F2
:10971000002908D0A078307120780028C0D0401EE1
:10972000C1B2402055E7FF21653148438018FF381A
:1097300044382321694309186D1CA278EDB20A71DF
:10974000032DF6D3E8E7707882002A4812184032D9
:109750001279627072789200121840325279A270B7
:1097600072789200121840329279E2707278920008
:1097700010184030C079207105204871F8BD72780A
:10978000607893001B4A9B184033187173789D00D2
:10979000194B58557578A078AD00AD1840356871F3
:1097A0007578AD00ED1868707578E078AD00AD188B
:1097B0004035A8717578AD00ED18A87020797478DF
:1097C000A400A2184032D07172789200D218D070E2
:1097D0000520487100210120FBE60000EC0C00048C
:1097E000950D00048D2D0004710D0004F62D00046C
:1097F0003E0D0004AE140004142D00040520087072
:10980000F8BD0000F0B5B048B04C0146224685B026
:10981000C97950320292363A94460E3201920E3293
:109820000092AB4AFF23D278653303925A43A94B87
:10983000A84DD7180246127AFF23653353435E19A9
:10984000A54BFF3E1D780830613E2037812933D07B
:1098500016DC9D4B0B295B7A6FD008DC02293BD0CC
:10986000042948D005296CD006291DD191E00D2985
:1098700070D00E2974D033296ED03D2914D10DE15A
:10988000872914D008DC82291BD0842930D085296F
:1098900055D0862908D177E08D2972D08E2955D0F0
:1098A000B3296FD0BD296ED005218748DBE08B49F5
:1098B0008A788270C978C17088490A7802704978BC
:1098C00065E00021621812790270491CC9B2401C7F
:1098D0001629F7D305B0F0BD002163180278491CA2
:1098E000C9B2401C1A711629F7D300210120C0E02B
:1098F000A906890FB7E0CF210D409107890E764860
:109900000D430570002AE5D0012A0BD0022A0DD0A4
:10991000032ADFD10121032004F000FB6C48C17849
:109920002020A6E06F496E48C86391E0BF210D403A
:10993000D907490E0D430570CCE72DE001E03978D9
:1099400091E069483A700270039918E0002A04D047
:10995000317F1CE07EE003E087E06349097816E090
:10996000002A00D033775A488078904201D0002AEC
:1099700003D15D48002A0370ACD0521ED1B2402002
:1099800077E06BE06DE077E0A1780170E1784170FD
:10999000A0E7A270E370A8E7002A58D0012A99D165
:1099A0000B2252495248F6F78EFC0021022001F0AA
:1099B00055FF24224F494648F6F785FC4E4A4F4949
:1099C0004448F6F780FC0021202001F047FF0524E1
:1099D000641EE4B22146402001F040FF002CF7D184
:1099E0000020FBF7CBFE434CFF21E0786531484374
:1099F0003849D02241184248AB31F6F764FCFDF7F4
:109A0000A3F9E1780620414331480A18117AD07948
:109A100009020143501C9279037910021843002275
:109A200003F00AF900221146012002F003FBFDF7C2
:109A3000B7F934493448F6F75FFC6424641EE4B295
:109A40002146802001F00AFF002CF7D142E772B6D0
:109A5000FBF7CEFB01460422029831E00422029972
:109A600013E02349097A017034E72148002102728A
:109A7000022001F0F3FE2DE7002A09D0012A0AD0C6
:109A8000022A85D100991422401CF6F71CFC21E71C
:109A900014226146F8E714220199F5E7002A08D05C
:109AA000012A0AD0022A00D01FE71422411C009884
:109AB00006E01422411C604602E0411C1422019879
:109AC000F6F701FC11E70000E40C0004AE140004FA
:109AD000710D0004950D00043E0D000440EA0020C5
:109AE000AAAAAAAAC07F0004580C00049AEA00207F
:109AF000660D0004A5EA00200B070000C9EA00205B
:109B0000660A0004810500002316000470B514489D
:109B10004078002822D1134D287801281ED1124CFC
:109B2000124E20780E49401CC0B2207000233278BB
:109B30002A39012806D0022806D0032802D004289A
:109B400008D103E08A7205E08B7203E08B722B7000
:109B500023703370488A01221043488270BD000090
:109B60007E030004240300042603000425030004EC
:109B7000F0B5FF4CFF4D2046C67968788FB0401C89
:109B8000C0B222460490107A0623FB4F4343DB19F0
:109B90009C46203B0393527A0627531E0793DBB261
:109BA0007B430A935B190093DB1C019363461D3BC7
:109BB00006930021AB7808340293802E4DD03FDC11
:109BC000ED4B0627DB789E465F43EB4BFB18099372
:109BD000E94B06279B780593E54B08339C465B7859
:109BE0005B1EDBB27B43E34FDB195B1C04936346D4
:109BF0001B78FF279C4665377B43E04FDB190D93AD
:109C0000E03B0C93634606277B43DB4FDB195B1C71
:109C10000B93FF27734665377B43D84FDB190893B7
:109C200080330093072E7DD273007B449B885B00BA
:109C30009F44170078006202F000D0048205690397
:109C4000823E052EEFD273007B449B885B009F44CD
:109C500006023400B80436059F02049820700FB045
:109C6000F0BD00287ED0029988427BD8401E099919
:109C7000C0B2087168700621484341190B79CC784D
:109C800018022043BE4C030A207063708B794D7913
:109C900019022943B84AA1700B0AE370D37806244D
:109CA00063439B185871040A9C71D378062463435C
:109CB0009A18FDE3AE490870D1E700286CD00398EC
:109CC000807F401C60700520A070AC4803224B1CB4
:109CD000A3542578FF266536754306262D18714353
:109CE0006D18DD3D6E792D7936022E43350A521CF2
:109CF000D2B2A5542578FF26653675432D186E1807
:109D0000DD3E757936792D023543521CD2B2A55409
:109D10002578FF2665367543521C2D186D18D2B272
:109D2000DF3D00E0FEE36E7A2D7A36022E43350ADF
:109D3000A5542578FF26653675432D186E18DF3E2D
:109D4000757A367A2D023543521CD2B2A554257845
:109D5000FF2665367543521C2D186D18DD3DD2B2B5
:109D60006E7A00E0D8E02D7A36022E43350AA554EB
:109D70002578FF26653675432D186918DD394D7A2B
:109D80000E7A521C2902D2B23143A154521CD9B2CC
:109D9000D2B205299BD362E7049860700520A070B9
:109DA00003204E1C2654401CC2B2062041434B19CE
:109DB0001979DF7809023943090AA154521CD1B23A
:109DC0001A79DF7812023A4362549A795F79120263
:109DD000491C3A43C9B2120A6254D81C9A795B7979
:109DE000491C1202C9B21A43625442790379120221
:109DF000491C1A43C9B2120A625442790379491CB8
:109E00001002C9B218436054491CC8B2F1B2052906
:109E1000C7D324E7079A042A7ED8002852D0059A8F
:109E200090427AD10626C8004E43401A089A00197B
:109E3000961932460379833213721F0A5772477993
:109E40001B023B4313721B0A5372837981363373AF
:109E50001F0A7773C7791B023B4333731B0A737363
:109E6000037A13731E0A5673407A1B020343180ABF
:109E7000491C1373C9B250730529D3D308993E4EB8
:109E80001F22A81C8A31F6F71EFA6078401EC0B265
:109E90006870099908710621484341190A79CB78FD
:109EA00010021843364A030A107053708B794C79AC
:109EB0001902214391700B0AD370F27806235A439A
:109EC0009219CAE2C800401A06224A4300190379CF
:109ED0005619F3701F0A377147791B023B43F37021
:109EE0001B0A3371837973711F0AB771C7791B021B
:109EF0003B4373711B0AB371F21C037A13711E0A80
:109F00005671407A1B020343180A491C1371C9B2E7
:109F100050710529D6D301E074E113E06078062181
:109F2000401EC0B26870484344192079E1780002AD
:109F30000843134A010A10705170611C90E301F04C
:109F40008DFC8CE60D4DC800401A02192078FF26C2
:109F50006536704346190846062778431379361844
:109F6000DD3E33711F0A7771FF272678653709E0D8
:109F7000E40C0004580C0004710D0004950D00045D
:109F8000760300047E4357791B0276193B4336184B
:109F9000DD3E33711B0A73712678FF2765377E43D8
:109FA000761993793618DF3E33721F0A7772267856
:109FB000FF2765377E43D7791B0276193B43361856
:109FC000DF3E33721B0A73722678FF2765377E43A4
:109FD0007619137A3618DD3E33721F0A77722678A7
:109FE000FF2765377E43527A76191B0230181343D8
:109FF000DD381A0A491C0372C9B242720529A2D37C
:10A00000217806225143FE4A60788918401E203983
:10A0100088772078394641434E19617806235943A1
:10A020007118DF394B780E781902062358438018CF
:10A0300031431D380177090A417720783946414379
:10A040004D19617859436918DD394B780D7819023B
:10A0500006235843294380184170090AA7E20028C3
:10A0600001D0411E00E00146C9B2002A40D0029B47
:10A070009A423DD800281FD0FF2065304143E14877
:10A0800009180A98091808468330427A037A12029E
:10A090001A43120AA270427A037A10021843E0703F
:10A0A0008131487B0A7B00021043000A2071487B03
:10A0B000097B0002084316E0019900984A780B7862
:10A0C00012021A43120AA2704A780B78110219433D
:10A0D000E1708179427909021143090A217181797C
:10A0E00042790802104360710020A071E071B6E56A
:10A0F000C54803210170B2E5002801D0411E00E0EF
:10A100000146C9B2002A7DD0002834D0FF23653330
:10A11000BC4C4B431B1980339B7A9A4272D8BA4A83
:10A12000D37A957A1B022B43557B167B2A02324346
:10A13000002822D0FF2465340E466643B14C5DBA38
:10A1400037190A9C3C192646833635722D0A7572DA
:10A1500055BA813425732D0A6573059CA04209D137
:10A1600001985BBA03701B0A437050BA049A1071CD
:10A17000000A507123E2029BCFE7019958BA087098
:10A18000000A4870049950BA0871000A487166E5DF
:10A1900000280ED00398807F401C60702278FF203A
:10A1A0006530424397481218E03A9279A270032230
:10A1B0009FE004986070A878A070032037E04E1CE0
:10A1C0002654401CC2B2062041434B191979DF784E
:10A1D00009023943090AA154521CD1B21A79DF7815
:10A1E00012023A4362549A795F791202491C3A4347
:10A1F000C9B2120A6254D81C491C9A79C9B25B7957
:10A20000120200E002E11A43625442790379120219
:10A21000491C1A43C9B2120A625442790379491C93
:10A220001002C9B218436054491CC8B2F1B2AA78EE
:10A230008A42C4D813E54B1CA3542578FF26653603
:10A24000754306262D1871436D18DD3D6E792D7905
:10A2500036022E43350A521CD2B2A5542578FF2669
:10A26000653675432D186E18DD3E757936792D02E9
:10A270003543521CD2B2A5542578FF266536754366
:10A280002D186D18DF3D6E7A2D7A36022E43350A71
:10A29000521CD2B2A5542578FF26653675432D1879
:10A2A0006E18DF3E757A367A2D023543521CD2B2D3
:10A2B000A5542578FF2665367543521C2D186D1858
:10A2C000DD3D6E7A2D7A3602D2B22E43350AA55480
:10A2D0002578FF26653675432D186918DD394D7AC6
:10A2E0000E7A521C2902D2B23143A154521CD2B26E
:10A2F000D9B22378FF2565356B431B18E03B9B796A
:10A300008B4298D8ABE4079A042A7FD8A278002A17
:10A310007CD0052AF9D8002805D0059B984276D133
:10A32000009882725CE0AA7026E0C800401A0622FB
:10A3300000194A4303795619F3701F0A3771477998
:10A340001B023B43F3701B0A3371837973711F0A3D
:10A35000B771C7791B023B4373711B0AB371F21CBF
:10A36000037A13711E0A5671407A1B020343180ABE
:10A370001371491C5071C9B2A8788842D5D8617848
:10A38000C0B2814200D8C6E56070C4E50626089ACE
:10A39000C8004E43401A9619001932460379833299
:10A3A00013721F0A577247791B023B4313721B0A31
:10A3B00053728379813633731F0A7773C7791B020F
:10A3C0003B4333731B0A7373037A13731E0A56736A
:10A3D000407A1B020343180A1373491C5073C9B215
:10A3E0000098807A8842D1D800996278897A044EA0
:10A3F00004488A4200D961706178491ECCB207E0F6
:10A40000710D0004950D0004E40C000454E137E0E4
:10A410006C70F1780622514389190C71F778FF218D
:10A420006531794309181F22A81C8A31F5F74BFFC3
:10A430000620444361190A79CB7810021843D64AA2
:10A44000030A107053708B794C7919022143917073
:10A450000B0AD37006225743BA195071030A93713D
:10A46000F27806235A439219D1710B0A1372002213
:10A4700002F0E2FB0021202001F0F0F9F1789EE0EB
:10A480000C98C64D82714CE0C800401A021908466B
:10A490000627784313793618DD3E33711F0A77712A
:10A4A0002678FF2765377E43761936181B0200E0B1
:10A4B000BFE05779DD3E3B4333711B0A7371267849
:10A4C000FF2765377E43761993793618DF3E33725E
:10A4D0001F0A77722678FF2765377E43D7791B02DC
:10A4E00076193B433618DF3E33721B0A73722678A7
:10A4F000FF2765377E437619137A3618DD3E3372AF
:10A500001F0A77722678FF2765377E43527A7619BD
:10A510001B0230181343DD381A0A0372491C4272B9
:10A52000C9B200E035E12078FF2265324243561976
:10A530003246E03A92798A42A6D8FF23C1B2653307
:10A5400059434919E039627889798A4200D96170A2
:10A55000062148439249627840182038521E82777B
:10A560002078FF22653242435319627806267243EF
:10A570009A18DF3A537816781A020623584340187F
:10A5800032431D380277120A42772078FF22653263
:10A590004243551962785A43AA18DD3A5378157820
:10A5A0001A02062358432A4340184270110A817048
:10A5B0000021202001F052F92078401EC1B2402035
:10A5C000BDE4002804D00398807F401C607020E424
:10A5D0000498FBE77349497A491EC9B200282FD075
:10A5E000059C6F4BA04246D1002A65D00098807A26
:10A5F000824261D8099801716970019841780278A6
:10A6000008021043644A010A1070517004994C7991
:10A610000D792102294391700C0AD470DA7806244E
:10A620006243D2185071040A9471DA7806246243A6
:10A63000D218D1710B0A1372002202F0FDFAA5E0C4
:10A64000002A39D00298824236D869700198417840
:10A65000027808021043504A010A107051700499A0
:10A660004B790C791902214391700B0AD3700022A7
:10A6700002F0E2FA65E4002A1ED00C9B9B799A4214
:10A680001AD80398817706210D984A4383181846F3
:10A69000DF38417800780A0202430699100A0A77E7
:10A6A00048771846DD3841780078090201430B9855
:10A6B0000170090A417069E00320FFF7FBFA0028E6
:10A6C00025D006983649427F037F10021843000ABE
:10A6D0006070207806225043401802781D38037FAE
:10A6E00010021843A0702078062250434018827848
:10A6F000437810021843000AE07020780622504385
:10A7000040188178427808021043207119E42248E9
:10A710004178027809021143090A61704178027890
:10A7200009021143A170C178827809021143090A14
:10A73000E170C1788278E6E71A498B7A4D7A1A027D
:10A740002A430B7BCD7A19022943002809D0069DA4
:10A7500053BA2B771B0A6B770B9D4BBA2B701B0AD6
:10A760006B700F4B9B78834201D000280ED150BAFA
:10A77000094A030A1070537049BA91700B0AD370DA
:10A78000002202F059FA20780028BFD000212020B2
:10A7900016E7052091E7000076030004950D0004FC
:10A7A000710D0004E40C000470B5214C214D20789B
:10A7B000FF2601362A680300FAF7B6FC06040709EB
:10A7C00019222F06FDF78CFE70BD02200DE0A16856
:10A7D0000846F6F7A9FF0121E06889028842F3D80C
:10A7E00001462A68F6F78BFF0320207070BDE168F0
:10A7F0000846F6F75DFF0006000EF7D10420F4E7E7
:10A80000A1680846F6F790FFE068324600020A4960
:10A810002B68F6F75FFF0520E7E7E06813460002C4
:10A8200032460549F6F732FF0006000EDDD070BD56
:10A8300078040004D80500044C2B000410B5FAF786
:10A8400093FFFDF731F901F00BFD03F049FD0248DC
:10A850000021017210BD0000602D0004F0B58F4C86
:10A8600085B02046427A26461502F179037A427B6A
:10A870000092827B0492C27A0392024652791D436F
:10A88000921FD2B20292C27A837A1002844F184386
:10A890000834842917D018DC082944D007DC891E25
:10A8A0000B00FAF741FC0610271010F92FF90C29BC
:10A8B0006FD004DC09295ED00A296BD16BE08029B6
:10A8C00012D08129F9D105B0F0BD744A8539527989
:10A8D0000B00121F0192FAF727FC0A06061D21350C
:10A8E0008A8EA2B0BEDFEEE7FCF73AFC010A2170C7
:10A8F0006070E8E768BAFDF73BF90128E3D01FE094
:10A900003070E0E7207802F083FC0021802000F026
:10A91000A5FFD8E7FCF79AFB2070D4E768BAA11C22
:10A92000FCF726FC0AE0A01CF5F7F1FC00BA010ACE
:10A9300000980902014368BA02F000FE0028C2D163
:10A940000320DDE757486DBA8580A01CF5F7DFFCD2
:10A9500000BA010A0098090201435248E21D8160D1
:10A96000049B83702846FCF7B5FA60E00228AAD160
:10A9700001203870A7E7A01CF5F7C9FC00BA010A4E
:10A9800000980902014368BAE21D049B02F048FBEB
:10A990004DE037E080E0A078002894D103980226AB
:10A9A00000281DD0012809D002280BD003288AD105
:10A9B00068BAFAF7FDFD002815D011E03A490120E8
:10A9C000087011E039493A48F5F796FC642403E031
:10A9D000E1B2802000F042FF641EF9D2FCF7E0F9FA
:10A9E000344806706FE70320324908706BE731483E
:10A9F0000078A07067E7D3B268BA221DA11CFCF7EB
:10AA0000E9FA60E7029942BA00916079217900027F
:10AA1000084341BA68BAA31D02F000FC07E002999E
:10AA200042BA009168BAA31D211DFCF715FB00284E
:10AA30009CD10320307000209BE72046F5F767FC8F
:10AA400000BA000A0399000208430199CAB2211D05
:10AA5000F6F75CFC37E7FCF7CFFB010A217060706A
:10AA6000FCF7CCFB010EA170010CE170010A217111
:10AA70006071FCF7BCF9010EA171010CE171010AD2
:10AA800021726072FCF722FC010EA172010CE172CE
:10AA9000010A2173607316E7052031E7E40C000416
:10AAA0007204000418030004370400048105000048
:10AAB0002316000436040004F8B5A948A94C4078D0
:10AAC000012500285DD1A848A54E0078082108403E
:10AAD0002A3EB17C4907490F084352D0A349324668
:10AAE0001B320B781078B77A0343A14800784006F0
:10AAF000400E384303431046133003804B78577899
:10AB0000DB193779DB19C370927873790027D21873
:10AB10008270CA788B78120612141A43F389D218FD
:10AB20004B7909791B061B140B43318A02711212EF
:10AB30005918427181710912C171777137710621FB
:10AB40008A48F5F7D9FB304603211B30F5F7D4FBD3
:10AB5000324608232E3201216068F8F70DFE0028E6
:10AB60000FD18148F722017811400170708A0221CB
:10AB7000C008C000708237827948F7814570001F95
:10AB80004170774FB878002826D177490878420776
:10AB9000920F22D00E4641070AD51023754A022192
:10ABA000A068F8F7E9FD0028EED13178FB220CE02F
:10ABB000800711D56F4A102310320221A068F8F7E0
:10ABC000DBFD002808D13178FD2211403170644945
:10ABD0000220BD70091F887095E061492A39488AB2
:10ABE000C205D20E75D001064AD5634E05206349D1
:10ABF000307088787070012806D0022806D00A28A4
:10AC000002D0392810D125E0487826E05C48007849
:10AC1000012812D0524908390888020AB270F0702F
:10AC20004888010A31717071102332460221A068F0
:10AC3000F8F7A2FD002815D01FE0524948780A789D
:10AC400000021043020AB270F070C87889780002DE
:10AC50000843E6E7424812380078B0700020F070F0
:10AC60003071E0E73E4880222A38418A9143418290
:10AC70003B490220BD70091F88701021304640E01A
:10AC8000374E2A3E41060ED5FCF7E0F83A4AA06856
:10AC9000103A102302210092F8F76EFD00282ED101
:10ACA000718A40220DE0C10614D5334AA068303ABB
:10ACB000102302210092F8F75FFD00281FD1718A4E
:10ACC00010229143718226480221BD70001F8170BD
:10ACD00015E018E0800616D5274AA068203A102310
:10ACE00002210092F8F748FD002808D1718A20223D
:10ACF000914371821A490220BD70091F887010218A
:10AD00000098F5F7F9FA1648C078002826D1164EB3
:10AD1000134F30780822C007C00F2A3F798A1140AC
:10AD200008431BD0384607213630FBF769FD3A4609
:10AD3000082336320321E068F8F71EFD00280DD104
:10AD40003078400840003070798A08208143798249
:10AD500003483946C57002202631C870F8BD00008E
:10AD60007E030004E0090004300400046C040004C5
:10AD70002F03000420210004B90C00043E0D000440
:10AD8000280300044003000410B51A4CE079800742
:10AD900012D5FFF753FD022002F094FD00F0ECFC09
:10ADA000FCF768FF00F02CF800F0F0FBFFF7FCFC6C
:10ADB000E079FD210840E071E079C00701D001F0A1
:10ADC000DDFF0D490D4801F083F9E079400703D517
:10ADD00000F0A8FD01F086FAE079C00609D5064921
:10ADE000064800F0E5FE00F075F8E079EF21084034
:10ADF000E07110BD5E0D0004980300046C030004B4
:10AE0000F8B5314EB07A00075DD502202F4D0024F1
:10AE1000295C401C4C40C0B25928F9D3002C01D009
:10AE200003204BE001272F70A879062835D008DCD5
:10AE3000002820D0022821D0042822D0052806D1BD
:10AE400022E00B2823D00F2824D0FE2828D005206C
:10AE500028700220295C401C4C40C0B25828F9D30D
:10AE60001A48403004761A48017800291BD0002186
:10AE700001702F7023E0FEF7C5FCEAE7FDF7CAFC7E
:10AE8000E7E7FEF775FEE4E700F02EF8E1E700F0F3
:10AE9000B3F8DEE7FEF7A4FADBE7FFF7DFFCD8E75D
:10AEA00000F044FBD5E72878012808D1E879892803
:10AEB00003D1A879062800D100BF02202870B07AFB
:10AEC000F7210840B072F8BD3E0D0004E40C000408
:10AED0007204000410B5FEF719FE00F043FA00F00A
:10AEE00027FAFFF7E9FD10BDF8B53F4C3F4B22466E
:10AEF0001046083084468778407852793F022546CC
:10AF00000743E979521F604603269B78007808348E
:10AF1000D2B2802914D008DC022926D003292FD0F0
:10AF2000042934D0082908D14CE081290BD0842988
:10AF30002BD0882939D08A2952D005202870F8BD15
:10AF4000FCF7B2F94DE0052020700020284B0121CC
:10AF50001A79C240D20702D06054491CC9B2401CC1
:10AF6000C0B20828F4D36971F8BDFDF77DF909E096
:10AF70002E70F8BD1D48C178402000F06FFC0FE036
:10AF8000FBF794F90028F5D1F2E72370F8BD010032
:10AF9000EED08B42FAD0032002F0C0FF0028E7D0A9
:10AFA0000021202000F05AFCF8BD00927ABA631DFF
:10AFB000E11CFCF727F90FE00228F5D101200D492B
:10AFC0000870F8BD009223797ABAE77819023943FC
:10AFD00049BA631D02F00CFB0028EDD12E70EEE79C
:10AFE00005202070F8BD0000E40C0004710D000481
:10AFF000950D000472040004F0B59349934A0D4680
:10B00000083DEF792846D67F0423407A203289B064
:10B01000802F2ED01EDC8F4B8D491C7B04945C7BD3
:10B0200003949C7B0294DC7B07941C7C06945C7CE0
:10B030000594897800919C7AD97A1B7AFF1E019336
:10B040003B00FAF771F80B249E4A9E9E9E629E83F7
:10B05000B6DC9E008C2F76D006DC832F0ED0852F99
:10B0600028D08B2F70D18EE08D2F6ED08E2F6BD18C
:10B07000DFE0012008704B7009B0F0BD042879D1E1
:10B080003007C00F887000204EE02870F4E70428D5
:10B09000F5D1012C06D0002CEED10020107001203B
:10B0A0009071E9E7F7210E40684808210E43C67702
:10B0B0000020F5E768480078887068480078C87014
:10B0C00067480078087167480078487100208871E7
:10B0D000C871087248728872CEE7634B1C70597051
:10B0E000049999700399D970029919710799597146
:10B0F000069999710599D97131073BD5042839D141
:10B100000220107001F0ACF9B6E7009E019B9E4250
:10B1100001D0002B2ED10428AED1002CACD10029B7
:10B1200004D00129A8D109201070A5E701201070D2
:10B130004D490020087048708870C87008714871C7
:10B140008871C87198E726E01BE044E0009B019AF3
:10B15000934201D0002A65D1042863D143482300DB
:10B1600004704170F9F7E0FF070D070905050505B3
:10B170000D0081E756E0002000E0012001F0FAF91F
:10B180007AE7052081E704284CD1384802788A7094
:10B190004078C87070E7042844D1354802788A7036
:10B1A0004278CA7082780A71C2784A7100798871CF
:10B1B00062E72F4B1C705970049999700399D970EC
:10B1C0000299197131072DD504282BD10220107056
:10B1D00001F0EEF950E7042896D1264802788A70EB
:10B1E0004278CA7082780A71C2784A7102798A718B
:10B1F0004279CA7182790A72C07948723CE71D4B64
:10B200001C705970049999700399D9700299197139
:10B2100007995971069999710599D971310701D525
:10B22000042801D0032030E70220107001F0C6FD91
:10B2300022E70B70002048708870C8705220087197
:10B240001020487118E70000EC0C00043E0D0004CB
:10B25000710D0004E40C0004880500048905000455
:10B260008A0500048B0500046D0500041803000422
:10B27000680500047505000410B51A4A1278920694
:10B28000920F032A27D00A01174951188A78122AE7
:10B2900021D1897901291ED101281CD10022114612
:10B2A000022000F0C7FE002815D01048C079012800
:10B2B00011D10F4C0321A07A401CF4F799FF002212
:10B2C0000C48A172002907D00123012906D00229C8
:10B2D00001D18370027010BD027000E003708270B3
:10B2E00010BD00003E0D0004660A0004660D000457
:10B2F000240300046C03000410B503F069FA00F0A5
:10B3000011FB00F0EFFF0849084800F0E1FE064994
:10B31000064800F04DFC00F039F9FFF745FAFFF759
:10B320008DFA00F029FA10BD980300046C030004A4
:10B3300070B50B4C00256078002806D020780028D6
:10B3400003D10B21FDF756FC6570E078002806D08C
:10B35000A078002803D10C21FDF74CFCE57070BDEE
:10B3600072030004F8B56E4900206D4BC9782A3B82
:10B37000024600910099002975D16A4D29188C7BED
:10B38000012C04D0022C30D0032C6CD14EE04400B0
:10B39000641926462136B446757D367D2D02354327
:10B3A000277FE67E3F023743BD425CD3002F5AD051
:10B3B0005D4F40343D7C267C35433D74667C0225E0
:10B3C0007C19247CB44205D0002C0BD06D1CEDB24E
:10B3D000082DF5D364462275150A657501244C7055
:10B3E00002241DE07C192674F4E74C78002C3AD036
:10B3F00047004D4E7D194035347C2F7CBC4334745E
:10B400006E7C494D02242F193F7CB74202D12C1982
:10B41000227403E0641CE4B2082CF4D34A700124C3
:10B420008C73598A0824214359821CE04C78002CE3
:10B4300018D047003C4E7D194035347C2F7CBC43EE
:10B4400034746E7C384D02242F193F7CB74202D1F0
:10B450002C19227403E0641CE4B2082CF4D34A7063
:10B460008A73DEE78A732E494978002952D12D4D1F
:10B4700029188C468031CC7C012C04D0022C2CD095
:10B48000032C47D138E0440065192C46A234667E6F
:10B49000277E36023E43A0356F782D783F022F433A
:10B4A000BE4237D3002F35D02276150A65761D4D62
:10B4B000E035EE7B1A4D0F3D2E706646E036377C48
:10B4C0006F70767FAE700225CD7401258D71227666
:10B4D000110A6176598A29430CE08C79002C19D025
:10B4E0000F4C0F3C22706270A2708A710124CC74E0
:10B4F000598A0CE059820DE08C79002C09D0084C57
:10B500000F3C22706270A270CA74598A01242143D0
:10B51000F0E7CA74401CC0B20D2800D22AE7F8BD7B
:10B520007E030004360B0004400C0004144810B5E0
:10B530000246083AD17932291AD0B12902D0052021
:10B54000107010BD0F490A7802700A88120A427002
:10B550000A68120C82700968090EC1700A490968EC
:10B5600001710A0A42710A0C8271090EC17110BD83
:10B570000078002802D001F013FC10BDF9F738FE66
:10B58000EC0C00046405000440050004FEB56E4C9C
:10B590002179002978D02046827943791002184316
:10B5A00072D172B6C8070AD005205621C003FDF734
:10B5B000F7F8002803D02079400840002071207956
:10B5C000800719D560490B20283108700020487089
:10B5D0005D4809212830FAF7BDF95B4928314872E6
:10B5E000000A88720B215948FDF7DAF8002803D0C9
:10B5F0002079FD21084020712079400719D5524952
:10B60000242033310870002048704F482221333005
:10B61000FAF7A0F94C4955310870000A4870242106
:10B620004B48FDF7BDF8002803D02079FB210840E6
:10B6300020714548474E007900073DD546484649A8
:10B64000351AA870000AE870891EA81CFAF782F95A
:10B650002870000A6870FF201721653000240F1839
:10B66000019100903078E040C0071CD0FF20653089
:10B67000214641433448573009180D1A1735FF2D1C
:10B6800003D83946354807E05CE034480199FDF7B6
:10B6900087F8324800992818FDF782F831780120A0
:10B6A000A04081433170641CA4B2052CDAD3264833
:10B6B000F722017911400171234F3879C0062AD54C
:10B6C00027492848FAF746F927490877000A4877B2
:10B6D00000242048E1080D1868786607760FF040CE
:10B6E000C0070CD00E2029216043090340180E2109
:10B6F000FDF756F869780120B04081436970641CF9
:10B70000A4B2642CE5D309211848FDF749F838792B
:10B71000EF21084038713879800612D52D21144860
:10B72000FAF718F9124921310873000A48732F21DA
:10B730001048FDF735F8002803D03879DF2108409C
:10B74000387162B6FEBD00003E0D000400810200AB
:10B7500000820200A01400040B0700000083020016
:10B760007F05000023160004861B00047895020064
:10B77000FA220004008E020010B5FBF7F9FF10BD9D
:10B78000F8B502460120C007C4170E46154691427F
:10B7900001D2354616460F4F721B02D117E0400802
:10B7A00064080242FBD00C493868F4F737FD0B4AB5
:10B7B00051430B4A5043081A3860002802DC0949FB
:10B7C0004018386020404019B042ECD8F8BD084617
:10B7D000F8BD0000F00300041DF30100A7410000C4
:10B7E000140B0000FFFFFF7F0B4610B507490978D7
:10B7F000022908D272B60103090B1846F4F763FD5B
:10B8000062B6012010BD002010BD000078040004C5
:10B810008A78C270CA78C2730A7982734A7942718F
:10B820008A798271CA79C2710A7A0272FF224272DF
:10B830004B7A83728B7AC372C97A017342737047F1
:10B84000044A5170907004488022418A1143418219
:10B85000704700003E0D000454030004F3B582B0AD
:10B860002E4C039B621C01219940019123790427EE
:10B870001946394300912A4E082119438C463778DE
:10B880000199BE460F436425FFB2202825D008DC6D
:10B8900001281BD002283DD008281ED0102814D122
:10B8A0001EE040281CD0802821D0FF38401E30D018
:10B8B000FF38012809D12C20034370461F21237132
:10B8C00008433070002010715071FFBD0120034308
:10B8D0002371FFBD1571280AF6E700982071F9E77A
:10B8E000604620711571280A50713770FFBD102015
:10B8F000034323711571280A50710398039AC008F5
:10B900008019530741785B0F01229A40114341701F
:10B91000FFBD202003432371DCE700003E0D00043F
:10B92000A0140004FEB58448017884480029C67834
:10B93000407978D08149824A8B780C79F11A001BC2
:10B94000C0B20090CEB20020012106254543AD18BB
:10B95000401CC0B269710D28F7D37A4841721E2E7F
:10B9600000D91C2600981E2801D91C2000901D21FA
:10B970000020FBF7F1FC04461E210020FBF7ECFC45
:10B980004000044308210020FBF7E6FC800004434C
:10B9900016210020FBF7E0FCC0010443002108460B
:10B9A000FBF7DAFCC000044315210020FBF7D4FCB0
:10B9B0000001044312210020FBF7CEFC40010443A8
:10B9C00013210020FBF7C8FC800104430121002063
:10B9D000FBF7C2FC0002044303210120FBF7BCFC7F
:10B9E0004002044308210120FBF7B6FC8002044317
:10B9F000544801940025C4602C460620504A444314
:10BA0000115D88072CD5A0188378002B25D0174608
:10BA1000019A4378EA40D207D20F93422FD00021F7
:10BA2000C1707EE0FFE700904648407A002896D03B
:10BA30000020434A022706214143555C401C3D43F8
:10BA400055548918009D8D700025C0B24D710D2888
:10BA5000F1D33C490020487281E7FD200140115597
:10BA60000198E840C00711D0A7187878002861D065
:10BA7000C80741D0002010550120B87051E0C078AF
:10BA8000B0424ED3FD20014039554AE0A7187878DE
:10BA900001284FD0C8B2C1070BD07879012819D03E
:10BAA0000020B97881423CD92448C079012814D0BB
:10BAB0000BE02349012210430855BA707879002819
:10BAC0002FD1002D01D0012D2BD129460120FDF7CA
:10BAD00091F806E019488078E3E729460120FFF74E
:10BAE000CBFB0120164A7870105D022108431055E7
:10BAF000BE700020787114E07879012817D00020FA
:10BB0000B97881420DD929460020FDF773F800224B
:10BB10000B4B7A70195D0220014319550098B870DB
:10BB20007A716D1CEDB20B2D00D265E7FEBD0348A6
:10BB30000079E5E70020A0E747050004660D000452
:10BB4000180A00042403000400214156002908D0EB
:10BB5000044A517000210170034802220188914378
:10BB600001807047000400046603000410B57D21C5
:10BB7000C9000D4A0300F9F7D7FA05150407090CA7
:10BB800015000A24084606E0092400E004241046B3
:10BB900001E0012400200549F4F7C3FB03481138F4
:10BBA000847110BD0024EDE7DC0500001F150004C2
:10BBB000F0B50446002087B0054603900868019060
:10BBC000F9480646F4F7A3FB01460198814224D0C8
:10BBD0003146F4F7A6FBF54F012638784207F448C2
:10BBE000002A017805DA002905D1FA218160067062
:10BBF00001E0002909D08168491E8160491C02D0FA
:10BC00000021417001E000210170B978002906D0BF
:10BC10000024447000F0E6F9BC7007B0F0BDE448C1
:10BC200001228256E048E04B093841780078083319
:10BC300005931B1F0093002A7ED0120601D5012216
:10BC400000E002220292DA4B00225A70D64AFD230B
:10BC50001840093AD44F1070093F8446387AFB796E
:10BC600000021843401C83B2029AFF1CD148914243
:10BC700038D042710025057186716046000703D4F3
:10BC80003B71180A787128E02078F726002802D046
:10BC9000012819D021E00098F4F739FB019900F050
:10BCA0006BFBC54980B28979814207D9C14810220E
:10BCB000857185700178314011430170BD4801786C
:10BCC00049084900017008E06078002805D0604606
:10BCD0004008B84940003040087000990198F4F7D6
:10BCE00020FBECE061460822114301702078002817
:10BCF00072D00128F5D13B71180A78710098F4F7D9
:10BD000006FB019900F038FB80B2C82876D900996B
:10BD10000198F4F706FB7879397900020843A449C1
:10BD20004A88801880B24880002139717971A14F0A
:10BD30000121B971797800E0C5E00491012902D0B0
:10BD4000022903D005E020250B2101E0152507215C
:10BD500003913E78F10722D00121BA78531CBB70C1
:10BD60008A421BD3934B00229A70914FF4F740FA0A
:10BD70000021786079808F4A04995171002833D06E
:10BD8000A84231D801251746BD71F10700D03D7199
:10BD90000399884202D82078012802D08FE003213D
:10BDA000DBE7700717D5A078002814D0002020709A
:10BDB00002460146042000F03DF93E78FB20064093
:10BDC0003E7000990198F4F7ACFA6078002804D02E
:10BDD0003D712E433E7072E021E0700840003870E3
:10BDE00000203871BD716AE06078002807D0714882
:10BDF0000321017101210E43067060E008E06D48E7
:10BE0000002101710121817171084900017056E022
:10BE100068480178C90752D1017186714FE00098D6
:10BE2000F4F775FA019900F0A7FA87B20099019822
:10BE3000F4F777FA5F494878012802D0022802D047
:10BE400002E0122500E01725AF4228D20022CA7076
:10BE50008878431C8B7003281CD38A70A0780F4607
:10BE600000280BD03878042108434008400038707F
:10BE70003A7126701146042000F0DCF86078002842
:10BE800006D038783043387003203871787878716C
:10BE9000BE7114E00878C00711D18E710FE0002345
:10BEA0008B700A78D007F8D0C878441CCC70022870
:10BEB00005D35008CB70400008700B71EDE73D488A
:10BEC0000299417048E03B4D400725D5012902D039
:10BED000022903D006E0FF212D3101E0FF2191313D
:10BEE000334801611846F4F712FA019900F044FA58
:10BEF00001462F48006981420ED92078012807D1D8
:10BF0000002727703A463946042000F093F8AF70B6
:10BF10002878FB2108402870287881071CD4C007A6
:10BF20001AD00598F4F7F3F9214C2169401AE06022
:10BF30000098F4F7ECF9019900F01EFAE1688842E4
:10BF40000AD92E7128780221084328700020206128
:10BF500000990198F4F7E5F9164CA07900281DD056
:10BF6000401E0006000EA07118D12079FFF7FEFDDB
:10BF700060791249022802D0012803D005E0087830
:10BF8000401C01E00878401E08700B48C2790C483C
:10BF9000012A23D001880222114301800098F4F77E
:10BFA000B6F900280ED138E6171500040415000470
:10BFB000000400040E150004660D0004580300047C
:10BFC00066030004019900F0D7F904460598F4F7D8
:10BFD0009EF98442E7D900F005F81EE600220A70B7
:10BFE0000280DBE770B5124CEF2120780025084075
:10BFF00046087600FD200640214665700D31284632
:10C00000F4F78FF92046C571290A0172F72006401E
:10C01000A571FB2025710640A570E57026702146AC
:10C020007D2065711131C000F4F77BF970BD00000F
:10C030000E15000410B504460F4A002011782300A5
:10C04000F9F772F8050E04060F120E0002230FE036
:10C050004B0705D48B0703D4042001431170012042
:10C0600010BD0121517010BD8B07FCD401200823A5
:10C070001943117010BD00000415000410B5054CE3
:10C0800000206168F4F7FCFE0020A168F4F7F8FED8
:10C0900010BD0000F403000410B50549002008702D
:10C0A00000F0D6F8FFF7EAFFFCF736F810BD000005
:10C0B000F403000410B5054C64206168F4F7E0FE59
:10C0C0000020A168F4F7DCFE10BD0000F4030004BA
:10C0D000F3B53D4D064681B0A81DF4F718F9029955
:10C0E0000968081A64280CD3384C002720780122EC
:10C0F00004210300F9F718F8060406080D26370591
:10C100002270FEBDEF7001E03278EA70607021703D
:10C11000FEBD2878830703D52270AA7010434DE036
:10C120004707F723002F05DA184028703078E870A9
:10C13000AA70217028780207EAD53278EA70217057
:10C1400018403BE0E878002804D0012804D1FFF72C
:10C15000B1FF01E000F06EF80298A91D0068F4F745
:10C16000E0F805202DE0FFF789FF2878C1061DD5EE
:10C17000410705D46978002905D1C00703D113E030
:10C18000FB21084028706F702878C10704D0400850
:10C190004000FD21084028700D480078000603D4B7
:10C1A00000213920FFF74CFB03200AE061780129C8
:10C1B00006D00229ACD11021677008432870FEBD5B
:10C1C00002202070FEBD000004150004F4030004EA
:10C1D0006603000410B5FBF77DFF00220421012057
:10C1E000FBF7E2F80520F6F759F901220421104681
:10C1F000FBF7DAF80520F6F751F9F5F731FE0449B7
:10C20000002008700A210348F4F776F810BD0000FA
:10C21000F40300040415000410B50449002008705C
:10C220000A210348F4F768F810BD0000F403000485
:10C230000415000410B5054C00206168F4F720FED9
:10C240006420A168F4F71CFE10BD0000F403000494
:10C2500010B5002204210120FBF7A6F810BD000054
:10C2600038B51A4C23212078194D4843401962787B
:10C270001849FAF7B3F92078232148434019627826
:10C280001449FAF755F86078009020782321484344
:10C29000401902461032A31C0E49FAF7F5FA0E486F
:10C2A000C1790E48012903880DD00D48027807484E
:10C2B0006178801C00F0B0F8044822786178801C16
:10C2C000FAF764FA38BD0122F1E70000C404000463
:10C2D0008D2D00046A2E0004660D00046003000426
:10C2E00056030004F8B5214841798079490001439B
:10C2F0001F4BC8B2D8719979814232D09871D978E0
:10C300001A4689000143D97088061A49022409781F
:10C310001D4689068F0F04215156528A800E012630
:10C320001E352243072805D00B280ED034280CD008
:10C33000382816D1032F06D00C210120FCF75AFC17
:10C34000AC70EE700DE0491E09E0032F06D00B2102
:10C350000120FCF74FFC2C706E7002E0491C197133
:10C360005A820348001DFFF7EFFBF8BD00C00840EC
:10C37000540300043E0D0004081A7047F8B5214F1D
:10C38000F87F000716D538783C468006800F1E4E91
:10C3900000252034032815D11C481D4A0078410788
:10C3A0003046808907D0A17901290BD0904201D273
:10C3B000B5707570F8BD7178012300290FD09042D7
:10C3C00010D3B5702570552060710121002000F058
:10C3D000D1F8B5817570A079002805D00BE0B58142
:10C3E0007370B570B370F8BD03210A20FFF728FA07
:10C3F000084805210170F87FF7210840F877A571FA
:10C40000F8BD00003E0D0004540300043003000496
:10C4100088130000B90C0004F8B500240D46064648
:10C42000002A1BD0FF21F5311846F3F7E1FEC007C3
:10C4300000D0FF24002007460EE0C10041188A19F1
:10C44000D7703B0A13715471230A9371D11CD771B1
:10C450003A0A401C4A71C0B2A842EED3F8BD0000AF
:10C4600010B500F035F80C217F2001F051FC174C7D
:10C470004120217801F04CFC6178432001F048FC18
:10C48000A178442001F044FCE1784E2001F040FC0A
:10C4900021795A2001F03CFC61795B2001F038FCE5
:10C4A00005217F2001F034FCA1796E2001F030FCE1
:10C4B00009217F2001F02CFCE179712001F028FC9A
:10C4C00000217F2001F024FC10BD00006D05000458
:10C4D00010B50C217F2001F01BFC3021412001F020
:10C4E00017FC2021432001F013FC0D21442001F012
:10C4F0000FFC12214A2001F00BFC09214B2001F016
:10C5000007FC30214C2001F003FC08214E2001F0F3
:10C51000FFFB1621532001F0FBFB1421552001F0F5
:10C52000F7FB0D215A2001F0F3FB05215B2001F000
:10C53000EFFB1E215F2001F0EBFB3021662001F0B4
:10C54000E7FB05217F2001F0E3FB0F216E2001F0C6
:10C55000DFFB09217F2001F0DBFB0F21712001F0BF
:10C56000D7FB0A21722001F0D3FB00217F2001F0CC
:10C57000CFFB10BD10B589070824890F002802D011
:10C58000012805D101E00C4302E00801803004439A
:10C59000FFF79EFF0C217F2001F0BAFB21464E20C1
:10C5A00001F0B6FB00217F2001F0B2FB10BD0000BE
:10C5B00010B5FFF78DFF0C217F2001F0A9FB0F4C78
:10C5C0004120217801F0A4FB6178432001F0A0FB19
:10C5D000A178442001F09CFBE1785A2001F098FBFF
:10C5E00009217F2001F094FB2179712001F090FB5B
:10C5F00000217F2001F08CFB10BD000068050004C5
:10C6000010B5FFF765FF402001F022FB214948707B
:10C6100000217F2001F07CFB8021402001F078FB8D
:10C6200005217F2001F074FBE721432001F070FB1E
:10C6300004217F2001F06CFBC021402001F068FB49
:10C640001021412001F064FB0F21442001F060FB28
:10C650000F21452001F05CFB0F21462001F058FB23
:10C660000F21472001F054FB0F21482001F050FB1F
:10C670000F21492001F04CFB0F214A2001F048FB1B
:10C680000F214B2001F044FBC121402001F040FB71
:10C6900010BD000044050004F8B56C48C07F0007D9
:10C6A00046D56A4C20342078002841D0684E0025B9
:10C6B000684F0300F8F738FD0AC806C8C83CC89B95
:10C6C000C8A721C8657164213D700122084600F0A9
:10C6D000B3FA00210A20FFF7B3F8FFF791FFFD82BC
:10C6E000BD82042020705C485F4905605B4805609E
:10C6F0005B4805605B48088083E04021084601F004
:10C7000007FB3178387849420840082600280ED0C7
:10C7100050490020C88288824C2001F099FA000715
:10C72000000F052805D01D210020FAF715FE267000
:10C73000F8BD4D2001F08CFA4C4D0C2128707F2063
:10C7400001F0E6FA29784A4D0320312902D9052162
:10C75000297000E02870474A30211170464908705E
:10C7600008214E2001F0D4FA05217F2001F0D0FAF3
:10C77000E421432001F0CCFA00217F2001F0C8FA27
:10C780003E480178402001F0C3FA34483C4E076827
:10C790002D2F01D2172000E01A2030602E4864218E
:10C7A000006848432E490968F3F722FD35490860BF
:10C7B000316888420CD2412F0AD22C4830210170B6
:10C7C0000D2028702B48202101702B480221017078
:10C7D000204900200882C8812B4908802B49088005
:10C7E00001210A20FFF72CF806202070F8BD194817
:10C7F0002570223041880088012200F01DFA552062
:10C8000060713570F8BD3D70FD82BD8208214E20FB
:10C8100001F07EFA05217F2001F07AFAE42143201D
:10C8200001F076FA00217F2001F072FA13480178B6
:10C83000402001F06DFA01210020FFF79BFE02214C
:10C840000A20FEF7FDFFD2E72570F8BD3E0D00047B
:10C85000440500045403000450050004540500047A
:10C8600058050004B80B00004805000488050004C2
:10C87000890500048A0500048B05000445050004B1
:10C8800080050004840500044A0500044C050004EA
:10C8900010B5002805D00D217F2001F039FADD21E7
:10C8A00004E00D217F2001F033FADC21482001F063
:10C8B0002FFA00217F2001F02BFA10BD10B5164C85
:10C8C00090230A2200212046F4F73DFF00220A218E
:10C8D0001046FAF72FFD90230E2200212046F4F790
:10C8E00032FF01220E210020FAF724FD01220E2141
:10C8F0000020FAF759FD90230F2201212046F4F77A
:10C9000022FF01220F211046FAF714FD01220F2108
:10C910001046FAF749FD10BD0010004010B5802107
:10C92000402001F0F5F90E217F2001F0F1F90D21F1
:10C93000552001F0EDF91B21562001F0E9F9E8211D
:10C94000572001F0E5F9D521582001F0E1F9142133
:10C950007F2001F0DDF9BC21422001F0D9F97421DA
:10C96000432001F0D5F920214B2001F0D1F900211D
:10C970004D2001F0CDF90D21532001F0C9F9052119
:10C980007F2001F0C5F94021512001F0C1F940217B
:10C99000532001F0BDF9CA21552001F0B9F9312128
:10C9A000612001F0B5F96421622001F0B1F9B821EC
:10C9B0006D2001F0ADF90F216E2001F0A9F90221DF
:10C9C000702001F0A5F92A214A2001F0A1F92621C1
:10C9D000602001F09DF906217F2001F099F9702176
:10C9E0006D2001F095F960216E2001F091F904218C
:10C9F0006F2001F08DF90221532001F089F91121F6
:10CA0000552001F085F951217D2001F081F908219F
:10CA10007F2001F07DF94F21712001F079F9092182
:10CA20007F2001F075F91F21622001F071F91F21AB
:10CA3000632001F06DF90321652001F069F90321FC
:10CA4000662001F065F91F21672001F061F91F21BF
:10CA5000682001F05DF90321692001F059F90321F3
:10CA60006A2001F055F91F216C2001F051F91F21B6
:10CA70006D2001F04DF90421512001F049F92021E8
:10CA8000532001F045F92021542001F041F90F21F4
:10CA9000712001F03DF90A217F2001F039F91421BC
:10CAA0004A2001F035F914214C2001F031F9192107
:10CAB000552001F02DF914217F2001F029F91621CC
:10CAC000632001F025F90C217F2001F021F93021AC
:10CAD000412001F01DF91421552001F019F90A2116
:10CAE000492001F015F90021422001F011F90D2132
:10CAF000442001F00DF912214A2001F009F9092121
:10CB00004B2001F005F930214C2001F001F90D21F5
:10CB10005A2001F0FDF81E215F2001F0F9F80521EF
:10CB20005B2001F0F5F80F215E2001F0F1F80D21F6
:10CB30007F2001F0EDF8DD21482001F0E9F8032124
:10CB40004F2001F0E5F829215A2001F0E1F84721B2
:10CB50005B2001F0DDF881215C2001F0D9F8402153
:10CB60005D2001F0D5F8DC21712001F0D1F807211A
:10CB7000702001F0CDF80021732001F0C9F80821E0
:10CB8000722001F0C5F8DC21752001F0C1F8072101
:10CB9000742001F0BDF80021772001F0B9F80821D8
:10CBA000762001F0B5F810217F2001F0B1F8D021F6
:10CBB0004C2001F0ADF800217F2001F0A9F863219D
:10CBC0004F2001F0A5F800214E2001F0A1F86321CB
:10CBD000522001F09DF80021512001F099F8102118
:10CBE0005A2001F095F84F21772001F091F80121AA
:10CBF000472001F08DF840215B2001F089F81321D6
:10CC0000662001F085F80F21672001F081F80121ED
:10CC1000782001F07DF89C21792001F079F802213B
:10CC2000552001F075F87021232001F071F80121E1
:10CC3000222001F06DF810BD70B51E4B040A18706B
:10CC40005C700C0A9970DC700C46002A2CD03221E2
:10CC5000F3F7CEFA401E85B232212046F3F7C8FA28
:10CC6000401E84B2E9B2482001F052F8290A492056
:10CC700001F04EF8E1B24A2001F04AF8210A4B20B7
:10CC800001F046F80121472001F042F80A480078F7
:10CC9000000603D400210220FEF7D2FD0749002040
:10CCA00008800749088070BD06480222C17F1143F1
:10CCB000C17770BDE8030004660300046403000448
:10CCC000620300043E0D000410B5064A0224D37F1F
:10CCD0002343D377044A1070000A50709170080AF9
:10CCE000D07010BD3E0D0004E803000470B51E4E68
:10CCF000F07F800737D51D4D6878297800020843FA
:10CD00003221F3F775FA401E84B2E878A978000260
:10CD100008433221F3F76CFA401E85B2E1B2482095
:10CD200000F0F6FF210A492000F0F2FFE9B24A20A4
:10CD300000F0EEFF290A4B2000F0EAFF0121472016
:10CD400000F0E6FFF07FFD210840F077084800780A
:10CD5000000603D400210220FEF772FD05490020E1
:10CD600008800549088070BD3E0D0004E8030004FA
:10CD700066030004640300046203000410B507485E
:10CD8000C07FC00705D0FBF7C7FAFFF7AFFFFFF77B
:10CD900083FCFFF7F3FA002010BD00003E0D0004F5
:10CDA00010B505217F2000F0B3FF9B21462000F045
:10CDB000AFFF00217F2000F0ABFF10BD10B50C21AC
:10CDC0007F2000F0A5FF174C5520217800F0A0FF30
:10CDD0006178662000F09CFFA178532000F098FF56
:10CDE000E1784E2000F094FF21795F2000F090FF61
:10CDF00061795B2000F08CFF05217F2000F088FF27
:10CE0000A1796E2000F084FF09217F2000F080FFCF
:10CE1000E179722000F07CFF00217F2000F078FF94
:10CE200010BD00007505000410B501F0D1FC04210F
:10CE30000B48F3F761FA00F017F80A480622C178A8
:10CE400051430A18117AD07909020143501C927992
:10CE50000379100218430122FFF7EEFE10BD000017
:10CE6000E8030004710D000470B5444D0024E87F10
:10CE700040084000E87701F0ABFC01220E210020C1
:10CE8000FAF792FA0120F5F709FB00220E2110466D
:10CE9000FAF78AFA0120F5F701FB00220F210120A1
:10CEA000FAF782FA0120F5F7F9FA01220F2110466C
:10CEB000FAF77AFA0120F5F7F1FA5A213A2000F050
:10CEC00027FF0A20F5F7EAFAFFF728FD0120F5F71A
:10CED000E5FA7D26F6003046F5F7F0FA6C2000F012
:10CEE000B7FE641CE4B2802802D03C2CF3D301E0EE
:10CEF0003C2C0BD314217F2000F00AFF00216C2072
:10CF000000F006FF00217F2000F002FF0021222018
:10CF100000F0FEFE0021552000F0FAFE00217F20E7
:10CF200000F0F6FE0021402000F0F2FE012100207A
:10CF3000FFF720FB402000F08BFE802101434020C2
:10CF400000F0E6FE0120FFF7A3FC022000F080FEC7
:10CF5000032000F07DFE042000F07AFE052000F0A2
:10CF600077FE062000F074FE0121682000F0D0FE5C
:10CF7000E87F01210843E87770BD00003E0D000402
:10CF800010B500F035FF6420F5F788FAFFF74CFF85
:10CF900010BD000010B5B6213B2000F0B9FE012203
:10CFA0000E210020FAF700FA0248C17F4908490023
:10CFB000C17710BD3E0D0004F8B501250A4C471895
:10CFC00009E04105090E43075B0F625C2E469E4057
:10CFD00032436254401C8742F3D8FF2000210130C5
:10CFE000FEF73CFCF8BD0000FA220004F8B501256C
:10CFF0000A4C471809E04105090E43075B0F665CC0
:10D000002A469A4096436654401C8742F3D8FF2034
:10D0100000210130FEF722FCF8BD0000FA220004D6
:10D02000FFB5064677480F468069002483B01D4649
:10D03000B8427DD13046F9F773FF00903046F9F7DA
:10D040009DFF06467919B14201D9F01BC5B200987F
:10D0500000286ED0002EFCD0002F0BD1000A6949A9
:10D0600000020862009A121A4A616749FEF7BCFB87
:10D07000002817D0634C294622890598F8F784FCCC
:10D08000208160692918FF290FD80021A1705E490D
:10D090002A4608180599F3F716F960694019606186
:10D0A00001242FE0022007B0F0BDFF2401345649CF
:10D0B000221A08180599F3F706F952482246C06962
:10D0C00001025048006A08184F49F9F703FE044668
:10D0D000012817D14B484B49C069401CC86108461C
:10D0E0004169FF200130401A05992A1A4118464823
:10D0F000F3F7E9F843484169FF200130401A291A43
:10D100004048416178190190B0426FD33D4FFF24F0
:10D1100078690134811CA1421AD83B490B18397A2D
:10D120001970797A5970FE210A1A0098811901E064
:10D130004BE059E0981C891CF3F7C5F80BE0002080
:10D14000324978613981F861B8617862B8704FE02E
:10D15000B97800290BD0F869396A000240182246D4
:10D160002949F9F7B7FD04460128E8D048E0264DE3
:10D170002449221A28180831F3F7A5F8F869396A02
:10D180000002401822462946F9F7A4FD044601286A
:10D1900036D1B870387D801CC0B27870F969491CEE
:10D1A000F96102210A1A174950000831411828462E
:10D1B000F3F789F800987A788019811AA81A801CE8
:10D1C000891CFE32F3F77FF86CE70E48416AB942DA
:10D1D00001D1012406E000210C4A41610281C161B4
:10D1E00081614170002181700AE0FFE7012C07D1C5
:10D1F0000198B04204D203498869486240198861A5
:10D20000204650E73004000423150004FFFF00000F
:10D210000149887670470000831B0004FFB5C249AE
:10D2200083B00020496B17460C9E0546B94277D162
:10D230000499BA198A4201D9C91BCEB2BB4900244C
:10D240004A7E0B7E110219438C4648E10E2122468C
:10D250004A43B74952180192517812780902114392
:10D260004B04039A5B0C93427ED1AF48007938435C
:10D2700044D1AD480025457185630498801CFAF7B8
:10D28000E9FE009000284CD00E2021464143A848DA
:10D290000818417A027A080210431ED0A3481B30B6
:10D2A0000290F3F734F8054601980A30F3F72FF8A7
:10D2B000801C000A0002FF30013028180299F3F7A1
:10D2C00030F80198001DF3F722F801460198C37861
:10D2D000827818021043F9F771FD019904980A3118
:10D2E000F3F71FF8019900980872000A4872E1B23A
:10D2F0008020FEF7B3FA8C49012008710398F9F7F2
:10D30000D5FE04460398F9F7FFFE874D00906A8921
:10D3100031460698F8F738FB6881002F06D00FE0F9
:10D32000E5E081480571002007B0F0BD200A000249
:10D33000221AAA627F492863FEF756FA002814D001
:10D340007948806A3118FF2911D8774D0021297159
:10D3500069717849324608180699F2F7B4FFA86A4D
:10D360008019A86201252FE0B4E00220DCE7FF2548
:10D37000013570492A1A08180699F2F7A4FF6A487D
:10D380002A46C06A01026848006B08186949F9F723
:10D39000A1FC0546012817D163486349C06A401CB7
:10D3A000C8620846816AFF200130401A0699321A85
:10D3B00041186048F2F787FF5B48816AFF2001301F
:10D3C000401A311A584881620098B919814275D3C0
:10D3D0005549FF25886A0135821CAA4226D8554A3C
:10D3E00013188A7A1A70C97A5970FE210A1A00989D
:10D3F0002118981C891CF2F766FF4B482A46C06A20
:10D4000001024948006B08184A49F9F763FC0546D0
:10D41000012822D144480021474A816242810163A8
:10D42000C162416381634171017171E041492A1A0E
:10D4300008183D490A31F2F746FF3B484079002879
:10D440000CD0394C2A46E06A216B00024018394959
:10D45000F9F740FC0546012831D062E0324E354FE5
:10D46000B06A31462A1A38180A31F2F72CFFF06AEE
:10D47000316B000240182A463946F9F72BFC054665
:10D4800001284ED17071308D801CC0B2F070F16AED
:10D49000491CF16202210A1A314650000A31411832
:10D4A0003846F2F710FF0098F2782018811AB81A5F
:10D4B000801C891CFE32F2F706FF56E714E00020BC
:10D4C0001D49A06261812063E0626063A0636071B6
:10D4D00020711DE0490401D1401C80B2641C6146EA
:10D4E0000918A14200D9B1E6012D11D019E00E486A
:10D4F000816B914201D1012506E000210E4A816233
:10D500004281C1624163C17000210171417108E033
:10D510000498B919814204D20349486B8863801981
:10D520004863284600E7000030040004831B000421
:10D530002316000423150004FFFF0000F3B5064680
:10D5400081B0002000902749701E88421AD83046CA
:10D55000FAF7A2FB002815D1234D687E297E000230
:10D56000084364280ED2214F00240E206043C019C6
:10D570004178027808021043400405D0641CA4B22C
:10D58000642CF2D30098FEBD0298801CFAF762FD6D
:10D590000028F7D00E216143C9194A780B7812028E
:10D5A0001A43D20B7304D2035B0C1A430A70120A9B
:10D5B0005206520E4A708870000AC870091D0298FF
:10D5C000F2F7AFFE687E297E00020843401C2876F1
:10D5D000000A6876E1B28020FEF740F90120009051
:10D5E000D0E70000FE7F0000831B00042316000428
:10D5F000FFB587B0AE4D16460F46079B2A7901212D
:10D6000000209940109C0A426ED0AA494A69B24251
:10D610007ED13019B84201D9B81BC4B2A5484078B0
:10D62000304351D1B81CFAF715FD0190A1490020F3
:10D63000886188700199002954D0FF2107986531CD
:10D64000484345192846FF384D380090F2F75FFEF1
:10D65000FF3D493D02950590002823D0964804904F
:10D66000F2F755FE05460298F2F751FE0390801C32
:10D67000000A0002FF30013028180499F2F751FE29
:10D680000398811C0598000AF9F798FB002000997F
:10D69000F2F747FE00200299F2F743FE00218020B6
:10D6A000FEF7DCF8019800990002F2F73AFE3846DE
:10D6B0000299F2F736FE0798401EC1B21020FEF71D
:10D6C000CDF87C49012048700798F9F7D1FD794DD4
:10D6D0000090AA8821460A98F8F756F9A880002EEB
:10D6E00004D00FE0734948700BB0F0BD0098734947
:10D6F000000A0002E860009A121AAA60FEF774F8A5
:10D70000002815D06B4880682118FF2912D800E046
:10D71000B2E0684D00216970A97068492246081876
:10D720000A99F2F7D0FDA8680019A86001252EE03B
:10D730000220D9E7FF25013560492A1A08180A99FD
:10D74000F2F7C1FD5B482A46006901025948C068EA
:10D7500008185A49F9F7BEFA0546012817D1554865
:10D7600054490069401C086108468168FF20013067
:10D77000401A0A99221A41185048F2F7A4FD4D4860
:10D780008168FF200130401A211A4A48816030190F
:10D790000190B8426FD3474EFF25B1680135881C10
:10D7A000A84221D8454832794018027072794270F7
:10D7B000FE22521A0099801CC919891CF2F783FDB8
:10D7C0003069F168000240182A463C49F9F782FAAC
:10D7D000054601286AD1002030613949B060B18026
:10D7E0007169B161706143E0B07800280BD0306995
:10D7F000F168000240182A463049F9F76BFA0546ED
:10D8000001282ED052E02D4C6A1A60182949091DB2
:10D81000F2F759FD3069F168000240182A462146A6
:10D82000F9F758FA0546012840D1B070307A801CCB
:10D83000C0B230703169491C316102210A1A1D4998
:10D840005000091D41182046F2F73DFD009832783E
:10D85000C019811AA01A801C891CFE32F2F733FD10
:10D8600066E700201649B060B18030617061B06138
:10D870007070B07012E00FE08A69B24201D10120ED
:10D8800006E000220E4B8A608B800A614A610A70B2
:10D8900000224A708A7027E7012D07D10198B8420B
:10D8A00004D20449486988610019486128461BE789
:10D8B000950D0004140400049E1B000423150004AD
:10D8C000FFFF000010B5134B134A997A49078C0FDC
:10D8D0009178022C0FD0012811D002280AD1187893
:10D8E0008006800F022812D00C488078401EC0B2FB
:10D8F000814208D110BDFF29FCD0FF2003E0084879
:10D9000040788842F6D0907000F0BAF810BD054813
:10D910000078EDE73E0D0004DA040004710D000408
:10D92000580C000429030004F8B5544F0022F91ED6
:10D930001646FF24154649780300F7F7F5FB08154E
:10D9400027394B5D6F819396D0001018C319D81CEE
:10D95000DC70260A05461E715C71200A9871200A47
:10D960002C71521C6871D2B28A42EDD37FE0D00094
:10D970001018C019C470260A067145712E0A8671E6
:10D98000C31CC571280A521C5871D2B28A42EED308
:10D990006DE0D0001018C319DD702E0A1E715C7185
:10D9A000260A9E71D81CDD712B0A521C4371D2B21B
:10D9B0008A42EED35BE0D0001018C319DD702E0A46
:10D9C0001E715D712E0A9E71D81CDC71230A521CD7
:10D9D0004371D2B28A42EED349E0D0001018C31985
:10D9E000DD702E0A1E715C71260A9E71D81CDC71D6
:10D9F000230A521C4371D2B28A42EED337E0D000E0
:10DA00001018C319DC70260A1E715C71260A9E71FB
:10DA1000D81CDD712B0A521C4371D2B28A42EED35C
:10DA200025E0D0001018C319DC70260A1E715D7144
:10DA30002E0A9E71D81CDC71230A521C4371D2B28B
:10DA40008A42EED313E0D0001018C319DD702C0AFF
:10DA50001C715D712C0A9C71D81CDD712B0A521C43
:10DA60004371D2B28A42EED301E0002E05D00348C2
:10DA7000C01E0278C01CF8F789FEF8BDDD04000462
:10DA800010B503280CD006DC002809D0012807D0E7
:10DA9000022804D104E0042802D0052803D007207E
:10DAA000FFF742FF10BD0620FAE7000070B52749D6
:10DAB000487A0B7A02021A43881C437804781B02C6
:10DAC00023439A4240D300230B724B72427A047A6A
:10DAD000120222434C790D7924022C43121992B27E
:10DAE000140A02724472FF2A2ED303721A0A427277
:10DAF000C41EE279092A01D3002200E0521CD2B2EE
:10DB0000E271D300124A9D186A782B7812021A43E8
:10DB10000270120A4270E878AA7800021043087175
:10DB2000000A487109490422891E081FF2F7CBFB3D
:10DB3000064829792138C17768792070A879607002
:10DB4000E879A0700120207270BD0000612D0004F2
:10DB500044F20020F8B50F213948F2F7CDFB394ED9
:10DB60003078042812D006223549162000F096F8A5
:10DB7000334D00272878344C8106002908DBA16941
:10DB8000491CA161E169491CE16102E00F22EBE758
:10DB9000A7610007C00FE0700120A0706878B72867
:10DBA00001D0BF2800D1A770A069032802D0A078B7
:10DBB000012805D1FFF7E4F9A761206A401C206223
:10DBC0002878C00909D0E878A97800020843E080E5
:10DBD0006879297900020843208130781B4E042897
:10DBE00007D0002804D12770A680E760276167610D
:10DBF000F8BD20780028FBD1A08800280DD0401E59
:10DC0000A080A879E1684018E060E87921694018AF
:10DC10002061A87B6169401810E001202070A68077
:10DC20003146E068F2F7E4FAE06031462069F2F745
:10DC3000DFFA206131466069F2F7DAFA6061F8BD17
:10DC4000483100045E0D000444050004B80B0000D8
:10DC500010B5044600220E211046F9F7A5FB600618
:10DC60000122400E114600F079F80320F4F726FC5B
:10DC700001221146FF2000F071F8074804780120C6
:10DC8000F4F71CFC01220E210020F9F78DFB022085
:10DC9000F4F714FC204610BDF02E0004F8B514462D
:10DCA0000D46074600220E211046F9F77DFB164E61
:10DCB000FF2382330C2200213046F3F749FD78061A
:10DCC0000122400E114600F049F80320F4F7F6FB5C
:10DCD000FF2391330C2200213046F3F739FD002257
:10DCE0000C211046F9F726FBE1B22878012200F05A
:10DCF00035F8224605492846F2F7E5FA01220E21B9
:10DD00000020F9F751FBF8BD00100040F02E000490
:10DD100070B50D46044600220E211046F9F744FB6B
:10DD2000FF2382330C2200210B48F3F711FD8020E2
:10DD300001222043114600F011F80320F4F7BEFB46
:10DD400001221146284600F009F801220E21002088
:10DD5000F9F72AFB70BD000000100040F8B5054639
:10DD600014460E461B48F2F7C7FA1B490122C81D8C
:10DD7000F9300D7001601749C66041608168120575
:10DD800011438160154E00203070154A1548114628
:10DD90001031F4F795FA144FFD21787D084078751D
:10DDA000002C14D0114C25680EE000F011FD206805
:10DDB000401B052808D9787D0221084378757068D2
:10DDC000401C70600120F8BD30780028EDD00020A4
:10DDD000F8BD0000F02E0004F02F00043C05000404
:10DDE000F0300004009008403E0D00049803000449
:10DDF00070B5FF241B4D823423460B220021284698
:10DE0000F3F7A6FC23460C2200212846F3F7A0FCDA
:10DE100023460D2200212846F3F79AFC1248F2F718
:10DE200015FB1248F3F708FE0E20F2F707FC044634
:10DE30000F48F4F7BDF80E480121C17081700D49FB
:10DE4000224681600C4C01462046F4F7CDF8084983
:10DE500000230A4A30392046F4F768F908490020BF
:10DE6000087070BD001000400F0200000E0001009D
:10DE70003031000400127A0000900840BD8000207C
:10DE80003C0500040649002805D0012807D1486850
:10DE90000122104302E04868400840004860704793
:10DEA0000080004070B50020154904462C224243F2
:10DEB0005218401CC0B254710D28F7D318211148D4
:10DEC000F2F71AFA104A002011188C738031401CA6
:10DED000C0B2CC740D28F7D30C4E01203578032145
:10DEE00005430B4804700B48047030463C30047006
:10DEF0000948F2F701FA08200543357070BD0000AB
:10DF0000A41B0004400C0004360B00043004000481
:10DF10005E0300042F0300046F030004F3B5744F85
:10DF200083B0BA780646511C0191511E714D009183
:10DF300000206E4C29793300F7F7F6F806610427C4
:10DF4000B7689361019B1CE0082B58D00E46DE4059
:10DF5000F60715D0BB705B1EFB70F8F7F5FE0026C8
:10DF6000F878FF2165314843411923207043081890
:10DF70002130F7F74BFC761CF6B2032EF0D3ADE060
:10DF80005B1CDBB29A423AD0DEE7009B3AE0002B02
:10DF900035D00E46DE40F60733D0BB705B1EFB70FB
:10DFA000F8F7D2FE0026F878FF2165314843411981
:10DFB0002320704308182130F7F728FC761CF6B2AE
:10DFC000032EF0D30020F7F7D9FB40E060782278E9
:10DFD000000210430022FEF72FFEFFF763FFF878E0
:10DFE000FF21653148434119D0224348AB31F2F754
:10DFF0006AF9002211460220FEF71CF8012005B044
:10E00000F0BD5B1EDBB29A42F9D0C0E7019B24E071
:10E0100001239A42F3D00E46DE40F6071CD0BB70B7
:10E020005B1EFB700020F7F7A9FBF8F78DFE0026BA
:10E03000F878FF21653148434119232070430818BF
:10E040002130F7F7E3FB761CF6B2032EF0D3E0782D
:10E05000A27801021143B9E75B1CDBB2082BD8D1CF
:10E06000D6E7009B1DE007239A42C8D00E46DE404B
:10E07000F60715D0BB705B1EFB70F8F765FE002637
:10E08000F878FF216531484341192320704308186F
:10E090002130F7F7BBFB761CF6B2032EF0D391E7E5
:10E0A0005B1E1B061B0EDFD1DDE7049AD140C907BA
:10E0B000A5D0BA70501EF870F8F746FE0026F87822
:10E0C000FF2165314843411923207043081821304E
:10E0D000F7F79CFB761CF6B2032EF0D30020F7F77F
:10E0E0004DFBE178A078090201436FE77603000455
:10E0F000710D0004950D0004660A000470B50B4E06
:10E10000054600242146232251432878725C904220
:10E1100007D08819EA7881788A4202D10021F7F77E
:10E120002FFF641CE4B2032CECD370BD8D2D0004D2
:10E1300010B506490120C860F2F77AF9F2F748F9FC
:10E14000012103484905016310BD00004000004063
:10E1500000060040F8B52F48C07EC00757D02D4CB0
:10E160000026A07F617F000208432B492B4F2C4DD6
:10E17000641C00280ED00346401C2077000A6077FC
:10E1800008468268C82B30D2B8688018400888607A
:10E190000020F8BD23488860BE601F480C30F2F7AD
:10E1A00081FC1D4938460C31F2F79AFC2E716E71D4
:10E1B0001D482860AE71EE71174901262E720022AB
:10E1C00034313846F2F7BEFC154A00213846F2F7E2
:10E1D000C9FC786830437860607F217F0002084383
:10E1E000401C2077000A6077D2E7012028711421B3
:10E1F0001046F1F7FDFF401E2860094A002138460D
:10E20000F2F7B0FC0348C6762677300A6077012023
:10E21000F8BD00003E0D000494030004009000408F
:10E22000D80C000400770100FFED020010B5034890
:10E23000F2F7DAFB0248F2F7D7FB10BD008000408E
:10E240000090004070B587208000F2F7FFF8134877
:10E25000F2F728FC124E11493046F2F741FC114901
:10E26000012500240D714C710F4808608C71CC7130
:10E270000D720A49224608313046F2F763FC094A1A
:10E2800000213046F2F76EFC0020FFF7FBFD074847
:10E29000210AC5764477817770BD0000A003000491
:10E2A00000800040CC0C0004FF7601003E0D00040D
:10E2B00070B506460D465800191814462846F1F761
:10E2C00097FF401EF0616C436000C01D70BD0000F0
:10E2D000002801D00149401870470000D8270000ED
:10E2E00038B5154C23212078144D484340196278E5
:10E2F0001349F8F773F920782321484340196278CD
:10E300000F49F8F715F860780090207823214843EA
:10E31000401902461032A31C0949F8F7B5FA09481A
:10E32000002302786178A01CFEF776F822786178E5
:10E33000A01CF8F72BFA38BDE60400048D2D00046C
:10E34000822E0004560300047CB510490120C860E9
:10E35000FF201D30F2F77AF86846F2F7A3FB0C4C69
:10E3600069462046F2F7BCFBF2F7D4F80546F8F709
:10E370003BFD002809D07D21C9002846F1F738FF70
:10E3800001462046F2F706FD7CBDFEE74000004056
:10E390000080044010B500F01BFA0948C07E002838
:10E3A0000CD0002207210120F8F7FEFF3220F4F7FD
:10E3B00085F8012207211046F8F7F6FF10BD00008E
:10E3C000E009000470B50E4A002811D00D4801681C
:10E3D00084152143016015461046F6F7ABFD0A4B44
:10E3E0000A4A01212846F6F7CDFD0948046070BDB0
:10E3F0001046F6F76BFD0820F6F7C8FE70BD00006A
:10E4000000E000408006004095E300208F5F01009F
:10E4100000E100E0F8B58E4D0020287129464871D2
:10E420008871AA7AF7210A40AA72E8712878CF2267
:10E4300010402870E87FFD2210400840E877284609
:10E4400055212030417105215622C9038148F1F739
:10E450003AFF80484178027808021043562804D0D9
:10E4600056227D497B48F1F72EFF0B227B497C48E1
:10E47000F1F729FF7A4841780278080210430B2807
:10E480000AD109217648F7F765FA75498A7A4B7AF5
:10E4900011021943884204D00B2272497048F1F7E7
:10E4A00012FF242270497148F1F70DFF704E714937
:10E4B00032467148F1F707FF6F4FF878B9780002DC
:10E4C0000843B04209D1811EB81CF7F743FA7978A6
:10E4D0003A780902114388420DD0324667496648AE
:10E4E000F1F7F1FE0524641EE4B221461020FDF789
:10E4F000B5F9002CF7D15D4C607821780002084313
:10E5000024280BD122212046F7F724FA2146223174
:10E510004A780B7811021943884226D024225849A0
:10E520005248F1F7D0FEE17806204843FF236533D7
:10E530000019594302790623C9195A438C182146F8
:10E5400083314A7A097A13020B434371190A8171A4
:10E55000214681314A7B0B7B11021943C171090AA3
:10E56000017200210820FDF779F9464F29213A462A
:10E5700009034548F1F7A7FEB91E4348F7F7EAF942
:10E5800042494A7F0B7F1102194388420ED0F8F7A7
:10E5900007FC39463C48F1F7AFFE6424641EE4B240
:10E5A00021468020FDF75AF9002CF7D12F22384957
:10E5B0003848F1F788FE2D213648F7F7CBF9354971
:10E5C00021314A7B0B7B11021943884229D02F212C
:10E5D0003048F1F791FE39462B48F1F78DFE2422A1
:10E5E00027492248F1F76FFE324624492248F1F7C5
:10E5F0006AFEF8F7D5FB00210820FDF72FF9052466
:10E60000641EE4B221461020FDF728F9002CF7D152
:10E610006424641EE4B221468020FDF71FF9002C1B
:10E62000F7D1F7F781F8F9F711FEF9F7E5F9F8F7FF
:10E630008BFB64210A20FDF7A3F801460120FDF7BA
:10E640009FF8287800090001801C2870F8BD0000A0
:10E650003E0D0004AE14000444EA002000810200D4
:10E66000660D00049AEA002000820200710D000489
:10E670000B07000000830200950D0004C9EA00208A
:10E68000A5EA00208105000023160004861B000473
:10E69000008E0200FA220004044901200877044891
:10E6A0000222C1791143C17170470000E0090004E2
:10E6B0003E0D0004FEB5154A04469068D2680090ED
:10E6C000134D042608270192A0006A4600290ED0A7
:10E6D000002C02D0012C03D005E02968314301E071
:10E6E0002968394329601058F2F7AAFDFEBD105879
:10E6F000F2F784FD002C05D0012CF7D12868B8432F
:10E700002860FEBD2868B043FAE70000D4F100207D
:10E710008006004030B5174C0021480002194232F3
:10E72000507D157D03022B43581C1075000A50754F
:10E7300060184030C57CAB4216D900231375537561
:10E74000427B012A02D0022A0ED106E0027C182A5E
:10E7500001D2521C07E0002205E0027C002A01D011
:10E76000521E00E017220274491CC9B20329D4D3F7
:10E7700030BD0000202D0004F0B501263105114800
:10E7800085B0002501630720F1F758FF84080E4883
:10E7900006600E4F38680C210840400703D504215D
:10E7A0003846F6F721FC6846F6F74AFC600002900E
:10E7B000684646700395694638460195F6F766FC4B
:10E7C00005B0F0BD0006004000E100E000C00040E0
:10E7D00010B572B60248F6F79DFC62B610BD000097
:10E7E00000C0004010B5044B80221A620A46014660
:10E7F0000248F7F7D5FE10BD0002004040F40020AB
:10E8000025290020052A002000000000052A0020FC
:10E8100000000000AD2900202F280020000000008B
:10E82000F9270020A32A0020E1280020FF2A002049
:10E830003F2B0020DD410020ED3C00203B45002027
:10E840002345002045390020F93A0020000000004F
:10E8500000000000000000000000000000000000B8
:10E8600000000000000000000000000000000000A8
:10E870000000000000000000000000000000000098
:10E8800005010902A1010901A100050919012905D4
:10E89000150025017501950581027501950B810310
:10E8A000050C0A38021581257F750895018106053A
:10E8B0000109381581257F75089501810609300900
:10E8C0003116008026FF7F751095028106C0C000BA
:10E8D0000000000000000000000000000000000038
:10E8E0000000000000000000000000000000000028
:10E8F0000000000000000000000000000000000018
:10E9000005010906A1018501050719E029E71500A0
:10E91000250175019508810219002AFF00150026BE
:10E92000FF007508950E8100C0050C0901A1018545
:10E930000219002A3C021500263C0295017510813F
:10E94000007508950D8101C005010980A1018503AD
:10E95000198129831500250175019503810295050B
:10E9600081017508950E8101C005010900A101858D
:10E97000040903150026FF00350046FF00750895C1
:10E980000F8100C005010900A101850509031500DB
:10E9900026FF00350046FF007508950F8100C00076
:10E9A0000000000000000000000000000000000067
:10E9B0000000000000000000000000000000000057
:10E9C00005010906A101050719E029E71500250140
:10E9D000750195088102810119002AFF00150026A2
:10E9E000FF00750895068100050819012903150027
:10E9F000250175019503910295059101C000000064
:10EA0000050C0901A1010600FF0902150025017589
:10EA100008955AB101C000000040084000090004F8
:10EA200039350020593200207933002001000000E0
:10EA300000000000000000000000000000000000D6
:10EA40000102000056000000FFFFFFFFFFFFFFFF75
:10EA5000FFFFFFFFFFFFFFFFFFFFFFFFFFFFFFFFC6
:10EA6000FFFFFFFFFFFFFFFFFFFFFFFFFFFFFFFFB6
:10EA7000FFFFFFFFFFFFFFFFFFFFFFFFFFFFFFFFA6
:10EA8000FFFFFFFFFFFFFFFFFFFFFFFFFFFFFFFF96
:10EA9000FFFFFFFF0000000000000B00081C081C27
:10EAA0005000000000240001000240064006000261
:10EAB00040064006000240064006000240064006AE
:10EAC00000024006400600000000000B070296000E
:10EAD000A40605008C008C000500750075003075DB
:10EAE0000100000000000000000104000003B30169
:10EAF000FFFFFFFFFFFFFFFF2801000000000000F5
:10EB00000000000000000000000000000001010003
:10EB100003B301FFFFFFFFFFFFFFFF28010000001D
:10EB200000000000000000000000000000000000E5
:10EB30000A020003B301FFFFFFFFFFFFFFFF2801F1
:10EB400000000000000000000000000000000000C5
:10EB50000000000590019001900120032003200394
:10EB6000400640064006800C800C800C00190019FD
:10EB70000019000001000101010101010000000075
:10EB8000000000000200010101010202000000007B
:10EB90000000000003000101010103030000000068
:10EBA0000000000005000101010105050000000052
:10EBB0000000000004000101010104040000000045
:10EBC0000000000034000E0E0101686800001414FB
:10EBD0000000000035000E0E0101696900001414E8
:10EBE00000000000600006060101060600000000AB
:10EBF000000000000F0006060101050501019090CC
:10EC0000010190900E0007070101040400000000BC
:10EC1000000000006A001212010101010000000062
:10EC200000000000090001010101090900000000C5
:10EC3000000000000A00010101010A0A00000000B2
:10EC400000000000020000000000000000010400BD
:10EC50000003B301FFFFFFFFFFFFFFFF28010000DC
:10EC600000000000000000000000000000000000A4
:10EC70000001010003B301FFFFFFFFFFFFFFFF28BB
:10EC80000100000000000000000000000000000083
:10EC9000000000000A020003B301FFFFFFFFFFFFB7
:10ECA000FFFF28010000000000000000000000003D
:10ECB0000000000000000005900190019001200379
:10ECC00020032003400640064006800C800C800C88
:10ECD00000190019001900000100010101010101E2
:10ECE000000000000000000002000101010102021A
:10ECF0000000000000000000030001010101030307
:10ED000000000000000000000500010101010505F0
:10ED100000000000000000000400010101010404E3
:10ED2000000000000000000034000E0E01016868C1
:10ED3000000014140000000035000E0E0101696986
:10ED40000000141400000000600006060101060621
:10ED500000000000000000000F000606010105058C
:10ED600001019090010190900E0007070101040439
:10ED700000000000000000006A0012120101010101
:10ED80000000000000000000090001010101090964
:10ED900000000000000000000A00010101010A0A51
:10EDA0000000000000000000030000000000000060
:10EDB000000104000003B301FFFFFFFFFFFFFFFF9F
:10EDC000280100000000000000000000000000001A
:10EDD000000000000001010003B301FFFFFFFFFF7F
:10EDE000FFFFFF28010000000000000000000000FD
:10EDF00000000000000000000A020003B301FFFF52
:10EE0000FFFFFFFFFFFF28010000000000000000DF
:10EE100000000000000000000000000590019001CB
:10EE20009001200320032003400640064006800C8A
:10EE3000800C800C0019001900190000010001016C
:10EE400001010101000000000000000002000101BA
:10EE500001010202000000000000000003000101A7
:10EE60000101030300000000000000000500010193
:10EE70000101050500000000000000000400010180
:10EE800001010404000000000000000034000E0E28
:10EE900001016868000014140000000035000E0E27
:10EEA00001016969000014140000000060000606FA
:10EEB0000101060600000000000000000F00060629
:10EEC0000101050501019090010190900E000707D6
:10EED0000101040400000000000000006A0012129A
:10EEE0000101010100000000000000000900010113
:10EEF0000101090900000000000000000A000101F2
:10EF000001010A0A000000000000000004000000E7
:10EF100000000000000104000003B301FFFFFFFF39
:10EF2000FFFFFFFF280100000000000000000000BC
:10EF300000000000000000000001010003B301FF19
:10EF4000FFFFFFFFFFFFFF2801000000000000009F
:10EF50000000000000000000000000000A020003A2
:10EF6000B301FFFFFFFFFFFFFFFF280100000000CC
:10EF7000000000000000000000000000000000058C
:10EF800090019001900120032003200340064006D9
:10EF90004006800C800C800C00190019001900003C
:10EFA000010001010101010100000000000000005A
:10EFB0000200010101010202000000000000000047
:10EFC0000300010101010303000000000000000034
:10EFD000050001010101050500000000000000001E
:10EFE0000400010101010404000000000000000011
:10EFF00034000E0E010168680000141400000000C7
:10F0000035000E0E010169690000141400000000B3
:10F010006000060601010606000000000000000076
:10F020000F00060601010505010190900101909075
:10F030000E000707010104040000000000000000AA
:10F040006A0012120101010100000000000000002E
:10F050000900010101010909000000000000000091
:10F060000A00010101010A0A00000000000000007E
:10F070000500000000000000000104000003B301CF
:10F08000FFFFFFFFFFFFFFFF28010000000000005F
:10F09000000000000000000000000000000101006E
:10F0A00003B301FFFFFFFFFFFFFFFF280100000088
:10F0B0000000000000000000000000000000000050
:10F0C0000A020003B301FFFFFFFFFFFFFFFF28015C
:10F0D0000000000000000000000000000000000030
:10F0E00000000005900190019001200320032003FF
:10F0F000400640064006800C800C800C0019001968
:10F1000000190000010001010101010100000000DF
:10F1100000000000020001010101020200000000E5
:10F1200000000000030001010101030300000000D2
:10F1300000000000050001010101050500000000BC
:10F1400000000000040001010101040400000000AF
:10F150000000000034000E0E010168680000141465
:10F160000000000035000E0E010169690000141452
:10F170000000000060000606010106060000000015
:10F18000000000000F000606010105050101909036
:10F19000010190900E000707010104040000000027
:10F1A000000000006A0012120101010100000000CD
:10F1B0000000000009000101010109090000000030
:10F1C000000000000A00010101010A0A000000001D
:10F1D00000000000002000400030004000200040FF
:10F1E00000300040FF0000FFFF4000FFFF7F00FFF6
:10F1F000FFBF00FFFFFF00FFBFFF00FF7FFF00FF1B
:10F2000040FF00FF00FF00FF00FF40FF00FF7FFF07
:10F2100000FFBFFF00FFFFFF00BFFFFF007FFFFFFA
:10F220000040FFFF0000FFFF4000FFFF7F00FFFFE7
:10F23000BF00FFFFFF00FFFFFF00BFFFFF007FFFDA
:10F24000FF0040FF0A000100FF18FFFF110001004E
:10F25000FF1010EF0F000100FF8000DF0A00010027
:10F26000EFFF00D70A000100DFFF00D70A0001000E
:10F2700000FF00CF0500010000FF00CF11000100DA
:10F2800000FFFFDF140001001858FFFF22000100FB
:10F29000C038FFFFFFFFFF00FF000000FF7F7F007F
:10F2A00000FF00007F7FFF000000FF007FFF7F0066
:10F2B000FFFF00007F00FF0000FFFF00FF00FF00D6
:10F2C000FF7F0000FF007F0000FF7F007FFF000046
:10F2D000007FFF00000100010100000000000301A9
:10F2E00002010203030300000301020102030303FE
:10F2F00000000301020002030303000003010202F5
:10F3000000030303000003010202020003030000E4
:10F3100003010202020300030000030102020203D0
:10F3200003000000030102010200030300000301C7
:10F33000020102030303000000080C0F1214181A44
:10F340001C1E2022242628292A2C2D2E303132342E
:10F35000353638393A3B3C3D006008400070084083
:10F36000008008400090084000A00840006009406C
:10F3700000700940008009400B010C010D010E01D5
:10F380000F011001110112010E0F101112131415AB
:10F39000006008400070084000800840009008406D
:10F3A00000A008400060094000700940008009404A
:10F3B0001600000000C00040160000000A0B0D00FF
:10F3C0001A011B010D020000008000400090004067
:10F3D000008004401A0001001B0001000D00000421
:10F3E0000E0F101112131415006008400070084031
:10F3F000008008400090084000A0084000600940DC
:10F4000000700940008009400100140000200840FD
:10F4100002031300130000000020004000300040F1
:10F4200013000000130000000405060708000A018D
:10F4300000E000400201000000500840020001000E
:10F440000000002000000000000000000040034019
:10F450000001008001006400E80F0040E00F004060
:10F4600088F40020FC0200008CF40020000000045E
:10F47000040600007803002048F60020040600047B
:10F480003C4400001C520020420164001481030827
:10F49000148203101A83081A8404013013120132F3
:10F4A00002254032159914020102022E01140902AC
:10F4B0006D13040125A0FA09041B0103411509215C
:10F4C00011011401224F2B07059D1B01091F1B0170
:10F4D000035859191A9F1929B21919196E99191A2D
:10F4E0003D1929C7191919162A035D49191A161940
:10F4F00029DC299B324F329F323D32161380E812AD
:10F500002012E91B20C004111AEA0412021A048A0C
:10F51000111ABC0869CB590829177910190DB910AF
:10F52000DA08105A0C1029D24B20014C19968B0185
:10F53000300C7B02400C115B03500C29045A600C08
:10F540005A6C085A78081A84082A900C190D5A988F
:10F55000085AA0085AA80801307C040309B80134ED
:10F56000140C03521261127A12650235729A244009
:10F5700012201A420C127312691A6C0412731A6B5D
:10F58000121256123329A12A0C2C4112021B0440DC
:10F59000041A80041AB0041AA40429C21B3D362D93
:10F5A0003113B0015B046D0C1AB80C4BE5350C1A25
:10F5B000C00C5ACD181AC80C01141AC84C133526A1
:10F5C0000A13201D017F4BA108BC01180B1C310937
:10F5D00020810227010B1EFFFF20091E2201371484
:10F5E0000101091B010203120B13762E1B046A048E
:10F5F0001A820491221413A97314209D24142089C3
:10F60000741B2015046E01013D3F3E3F643A3B3CB4
:10F61000670301FF191A1B66020901020364131430
:10F62000156425262764373839642B2C2D64282946
:10F630002A64161718640405060C10070809B3019C
:08F6400094D31BB7031A80BB31
:04000005200000C116
:00000001FF
